rxcui,drug_name,nadac_per_unit,costplus_per_unit,confirmed_spread_value,confirmed_spread_type,source_name,source_year,source_page,source_quote,source_type,citation_note
309362,Clopidogrel bisulfate,0.04768,0.00586,8.59,spread_dollars,"JAMA Health Forum, Mattingly et al. (Oct 2023)",2023,2,"combined PBM+pharmacy+wholesaler gross profit per Part D claim, 2021",peer_reviewed,
309362,Clopidogrel bisulfate,0.04768,0.00586,70.2,spread_pct,"JAMA Health Forum, Mattingly et al. (Oct 2023)",2023,2,intermediary gross profit as proportion of Part D spending,peer_reviewed,
1100075,Abiraterone Acetate 250 MG Tablet (Dr. Reddy's),0.83053,0.1604166666666666,1727.73,markup_pct,"Maine MHDO Prescription Drug Pricing and Transparency Report (2022, covering CY2021)",2022,23,"average payer-paid amount as percent of WAC, MHDO Appendix B",state_disclosure,
1100075,Abiraterone Acetate 250 MG Tablet (Novadoz Pharmaceuticals),0.83053,0.1604166666666666,1558.05,markup_pct,"Maine MHDO Prescription Drug Pricing and Transparency Report (2022, covering CY2021)",2022,23,"average payer-paid amount as percent of WAC, MHDO Appendix B",state_disclosure,
1100075,Abiraterone Acetate 250 MG Tablet (Rising Pharmaceuticals),0.83053,0.1604166666666666,1321.51,markup_pct,"Maine MHDO Prescription Drug Pricing and Transparency Report (2022, covering CY2021)",2022,23,"average payer-paid amount as percent of WAC, MHDO Appendix B",state_disclosure,
1100075,Abiraterone Acetate 250 MG Tablet (Wockhardt USA),0.83053,0.1604166666666666,1018.72,markup_pct,"Maine MHDO Prescription Drug Pricing and Transparency Report (2022, covering CY2021)",2022,23,"average payer-paid amount as percent of WAC, MHDO Appendix B",state_disclosure,
349490,Aripiprazole 15 MG Tablet (Amneal Pharmaceuticals),0.12894,0.0885555555555555,1551.36,markup_pct,"Maine MHDO Prescription Drug Pricing and Transparency Report (2022, covering CY2021)",2022,23,"average payer-paid amount as percent of WAC, MHDO Appendix B",state_disclosure,
349490,Aripiprazole 15 MG Tablet (Apotex),0.12894,0.0885555555555555,1631.08,markup_pct,"Maine MHDO Prescription Drug Pricing and Transparency Report (2022, covering CY2021)",2022,23,"average payer-paid amount as percent of WAC, MHDO Appendix B",state_disclosure,
349490,Aripiprazole 15 MG Tablet (Ascend Laboratories),0.12894,0.0885555555555555,1213.77,markup_pct,"Maine MHDO Prescription Drug Pricing and Transparency Report (2022, covering CY2021)",2022,23,"average payer-paid amount as percent of WAC, MHDO Appendix B",state_disclosure,
349490,Aripiprazole 15 MG Tablet (Camber Pharmaceuticals),0.12894,0.0885555555555555,1017.29,markup_pct,"Maine MHDO Prescription Drug Pricing and Transparency Report (2022, covering CY2021)",2022,23,"average payer-paid amount as percent of WAC, MHDO Appendix B",state_disclosure,
349490,Aripiprazole 15 MG Tablet (Dr. Reddy's),0.12894,0.0885555555555555,1261.33,markup_pct,"Maine MHDO Prescription Drug Pricing and Transparency Report (2022, covering CY2021)",2022,23,"average payer-paid amount as percent of WAC, MHDO Appendix B",state_disclosure,
349553,Aripiprazole 20 MG Tablet (Accord Healthcare),0.17108,0.0954444444444444,1292.46,markup_pct,"Maine MHDO Prescription Drug Pricing and Transparency Report (2022, covering CY2021)",2022,23,"average payer-paid amount as percent of WAC, MHDO Appendix B",state_disclosure,
349553,Aripiprazole 20 MG Tablet (Ascend Laboratories),0.17108,0.0954444444444444,1083.97,markup_pct,"Maine MHDO Prescription Drug Pricing and Transparency Report (2022, covering CY2021)",2022,23,"average payer-paid amount as percent of WAC, MHDO Appendix B",state_disclosure,
349553,Aripiprazole 20 MG Tablet (Camber Pharmaceuticals),0.17108,0.0954444444444444,1246.75,markup_pct,"Maine MHDO Prescription Drug Pricing and Transparency Report (2022, covering CY2021)",2022,23,"average payer-paid amount as percent of WAC, MHDO Appendix B",state_disclosure,
402131,Aripiprazole 5 MG Tablet (Dr. Reddy's),0.10736,0.0138599999999999,1207.52,markup_pct,"Maine MHDO Prescription Drug Pricing and Transparency Report (2022, covering CY2021)",2022,23,"average payer-paid amount as percent of WAC, MHDO Appendix B",state_disclosure,
617312,Atorvastatin Calcium 10 MG Tablet (Northstar Rx),0.02452,0.00524,1447.51,markup_pct,"Maine MHDO Prescription Drug Pricing and Transparency Report (2022, covering CY2021)",2022,23,"average payer-paid amount as percent of WAC, MHDO Appendix B",state_disclosure,
197391,Baclofen 10 MG Tablet (Major Pharmaceuticals),0.03324,0.0552,5355.21,markup_pct,"Maine MHDO Prescription Drug Pricing and Transparency Report (2022, covering CY2021)",2022,23,"average payer-paid amount as percent of WAC, MHDO Appendix B",state_disclosure,
200328,Capecitabine 500 MG Tablet (Accord Healthcare),0.48619,0.1086666666666666,1137.82,markup_pct,"Maine MHDO Prescription Drug Pricing and Transparency Report (2022, covering CY2021)",2022,23,"average payer-paid amount as percent of WAC, MHDO Appendix B",state_disclosure,
200328,Capecitabine 500 MG Tablet (Armas Pharmaceuticals),0.48619,0.1086666666666666,1306.73,markup_pct,"Maine MHDO Prescription Drug Pricing and Transparency Report (2022, covering CY2021)",2022,23,"average payer-paid amount as percent of WAC, MHDO Appendix B",state_disclosure,
200328,Capecitabine 500 MG Tablet (Novadoz Pharmaceuticals),0.48619,0.1086666666666666,1519.26,markup_pct,"Maine MHDO Prescription Drug Pricing and Transparency Report (2022, covering CY2021)",2022,23,"average payer-paid amount as percent of WAC, MHDO Appendix B",state_disclosure,
432402,Cinacalcet HCl 30 MG Tablet (Cipla USA),0.40133,0.6003333333333334,1817.02,markup_pct,"Maine MHDO Prescription Drug Pricing and Transparency Report (2022, covering CY2021)",2022,23,"average payer-paid amount as percent of WAC, MHDO Appendix B",state_disclosure,
432402,Cinacalcet HCl 30 MG Tablet (90ct) (Accord Healthcare),0.40133,0.6003333333333334,2449.58,markup_pct,"Maine MHDO Prescription Drug Pricing and Transparency Report (2022, covering CY2021)",2022,23,"average payer-paid amount as percent of WAC, MHDO Appendix B",state_disclosure,
432401,Cinacalcet HCl 60 MG Tablet (30ct) (Accord Healthcare),0.7636,0.9463333333333334,1295.21,markup_pct,"Maine MHDO Prescription Drug Pricing and Transparency Report (2022, covering CY2021)",2022,23,"average payer-paid amount as percent of WAC, MHDO Appendix B",state_disclosure,
432401,Cinacalcet HCl 60 MG Tablet (Cipla USA),0.7636,0.9463333333333334,1720.25,markup_pct,"Maine MHDO Prescription Drug Pricing and Transparency Report (2022, covering CY2021)",2022,23,"average payer-paid amount as percent of WAC, MHDO Appendix B",state_disclosure,
432400,Cinacalcet HCl 90 MG Tablet (Accord Healthcare),0.99847,1.2936666666666667,1071.75,markup_pct,"Maine MHDO Prescription Drug Pricing and Transparency Report (2022, covering CY2021)",2022,24,"average payer-paid amount as percent of WAC, MHDO Appendix B",state_disclosure,
432400,Cinacalcet HCl 90 MG Tablet (ACI Healthcare USA),0.99847,1.2936666666666667,1215.79,markup_pct,"Maine MHDO Prescription Drug Pricing and Transparency Report (2022, covering CY2021)",2022,24,"average payer-paid amount as percent of WAC, MHDO Appendix B",state_disclosure,
432400,Cinacalcet HCl 90 MG Tablet (Cipla USA),0.99847,1.2936666666666667,3690.26,markup_pct,"Maine MHDO Prescription Drug Pricing and Transparency Report (2022, covering CY2021)",2022,24,"average payer-paid amount as percent of WAC, MHDO Appendix B",state_disclosure,
432400,Cinacalcet HCl 90 MG Tablet (Dr. Reddy's),0.99847,1.2936666666666667,1545.76,markup_pct,"Maine MHDO Prescription Drug Pricing and Transparency Report (2022, covering CY2021)",2022,24,"average payer-paid amount as percent of WAC, MHDO Appendix B",state_disclosure,
861448,Clobetasol Propionate 0.05% Ointment (AvKARE),0.1231299999999999,0.1813333333333333,3182.87,markup_pct,"Maine MHDO Prescription Drug Pricing and Transparency Report (2022, covering CY2021)",2022,24,"average payer-paid amount as percent of WAC, MHDO Appendix B",state_disclosure,
861448,Clobetasol Propionate 0.05% Ointment (AvKARE),0.1231299999999999,0.193,3182.87,markup_pct,"Maine MHDO Prescription Drug Pricing and Transparency Report (2022, covering CY2021)",2022,24,"average payer-paid amount as percent of WAC, MHDO Appendix B",state_disclosure,
861448,Clobetasol Propionate 0.05% Ointment (AvKARE),0.1231299999999999,0.2616666666666666,3182.87,markup_pct,"Maine MHDO Prescription Drug Pricing and Transparency Report (2022, covering CY2021)",2022,24,"average payer-paid amount as percent of WAC, MHDO Appendix B",state_disclosure,
861448,Clobetasol Propionate 0.05% Ointment (AvKARE),0.1231299999999999,0.4539999999999999,3182.87,markup_pct,"Maine MHDO Prescription Drug Pricing and Transparency Report (2022, covering CY2021)",2022,24,"average payer-paid amount as percent of WAC, MHDO Appendix B",state_disclosure,
857297,Clomipramine HCl 25 MG Capsule (Ajanta Pharma),0.18239,0.0676,1075.6,markup_pct,"Maine MHDO Prescription Drug Pricing and Transparency Report (2022, covering CY2021)",2022,24,"average payer-paid amount as percent of WAC, MHDO Appendix B",state_disclosure,
857297,Clomipramine HCl 25 MG Capsule (90ct) (Rising Pharmaceuticals),0.18239,0.0676,1021.04,markup_pct,"Maine MHDO Prescription Drug Pricing and Transparency Report (2022, covering CY2021)",2022,24,"average payer-paid amount as percent of WAC, MHDO Appendix B",state_disclosure,
857301,Clomipramine HCl 50 MG Capsule (Rising Pharmaceuticals),0.22568,0.0852,1596.1,markup_pct,"Maine MHDO Prescription Drug Pricing and Transparency Report (2022, covering CY2021)",2022,24,"average payer-paid amount as percent of WAC, MHDO Appendix B",state_disclosure,
749196,Clopidogrel Bisulfate 300 MG Tablet (Apotex),9.221,6.714666666666667,1306.92,markup_pct,"Maine MHDO Prescription Drug Pricing and Transparency Report (2022, covering CY2021)",2022,24,"average payer-paid amount as percent of WAC, MHDO Appendix B",state_disclosure,
1607784,Deferasirox 180 MG Tablet (Xiromed),0.875,0.5553333333333333,7106.73,markup_pct,"Maine MHDO Prescription Drug Pricing and Transparency Report (2022, covering CY2021)",2022,24,"average payer-paid amount as percent of WAC, MHDO Appendix B",state_disclosure,
1607784,Deferasirox 180 MG Tablet (Zydus Pharmaceuticals),0.875,0.5553333333333333,1287.82,markup_pct,"Maine MHDO Prescription Drug Pricing and Transparency Report (2022, covering CY2021)",2022,24,"average payer-paid amount as percent of WAC, MHDO Appendix B",state_disclosure,
1607792,Deferasirox 360 MG Tablet (Xiromed),1.49534,0.9683333333333334,2531.31,markup_pct,"Maine MHDO Prescription Drug Pricing and Transparency Report (2022, covering CY2021)",2022,24,"average payer-paid amount as percent of WAC, MHDO Appendix B",state_disclosure,
991061,Dicyclomine HCl 10 MG Capsule (American Health Packaging),0.07608,0.0628,5127.83,markup_pct,"Maine MHDO Prescription Drug Pricing and Transparency Report (2022, covering CY2021)",2022,24,"average payer-paid amount as percent of WAC, MHDO Appendix B",state_disclosure,
476556,Emtricitabine-Tenofovir Disoproxil Fumarate 200-300 MG Tablet (Amneal Pharmaceuticals),0.45662,0.4663333333333333,1472.39,markup_pct,"Maine MHDO Prescription Drug Pricing and Transparency Report (2022, covering CY2021)",2022,24,"average payer-paid amount as percent of WAC, MHDO Appendix B",state_disclosure,
476556,Emtricitabine-Tenofovir Disoproxil Fumarate 200-300 MG Tablet (Aurobindo Pharma),0.45662,0.4663333333333333,1078.44,markup_pct,"Maine MHDO Prescription Drug Pricing and Transparency Report (2022, covering CY2021)",2022,24,"average payer-paid amount as percent of WAC, MHDO Appendix B",state_disclosure,
476556,Emtricitabine-Tenofovir Disoproxil Fumarate 200-300 MG Tablet (Laurus Labs),0.45662,0.4663333333333333,2258.12,markup_pct,"Maine MHDO Prescription Drug Pricing and Transparency Report (2022, covering CY2021)",2022,24,"average payer-paid amount as percent of WAC, MHDO Appendix B",state_disclosure,
476556,Emtricitabine-Tenofovir Disoproxil Fumarate 200-300 MG Tablet (Lupin Pharmaceuticals),0.45662,0.4663333333333333,1575.15,markup_pct,"Maine MHDO Prescription Drug Pricing and Transparency Report (2022, covering CY2021)",2022,24,"average payer-paid amount as percent of WAC, MHDO Appendix B",state_disclosure,
476556,Emtricitabine-Tenofovir Disoproxil Fumarate 200-300 MG Tablet (Macleods Pharmaceuticals),0.45662,0.4663333333333333,1573.43,markup_pct,"Maine MHDO Prescription Drug Pricing and Transparency Report (2022, covering CY2021)",2022,24,"average payer-paid amount as percent of WAC, MHDO Appendix B",state_disclosure,
476556,Emtricitabine-Tenofovir Disoproxil Fumarate 200-300 MG Tablet (Strides Pharma),0.45662,0.4663333333333333,1300.34,markup_pct,"Maine MHDO Prescription Drug Pricing and Transparency Report (2022, covering CY2021)",2022,24,"average payer-paid amount as percent of WAC, MHDO Appendix B",state_disclosure,
476556,Emtricitabine-Tenofovir Disoproxil Fumarate 200-300 MG Tablet (Zydus Pharmaceuticals),0.45662,0.4663333333333333,1284.52,markup_pct,"Maine MHDO Prescription Drug Pricing and Transparency Report (2022, covering CY2021)",2022,24,"average payer-paid amount as percent of WAC, MHDO Appendix B",state_disclosure,
476556,Emtricitabine-Tenofovir Disoproxil Fumarate 200-300 MG Tablet (Teva Pharmaceuticals),0.45662,0.4663333333333333,1603.35,markup_pct,"Maine MHDO Prescription Drug Pricing and Transparency Report (2022, covering CY2021)",2022,24,"average payer-paid amount as percent of WAC, MHDO Appendix B",state_disclosure,
485436,Entecavir 1 MG Tablet (Camber Pharmaceuticals),0.35011,1.2373333333333332,1755.04,markup_pct,"Maine MHDO Prescription Drug Pricing and Transparency Report (2022, covering CY2021)",2022,24,"average payer-paid amount as percent of WAC, MHDO Appendix B",state_disclosure,
349556,Ezetimibe 10 MG Tablet (OHM Labs),0.0691,0.01276,1388.09,markup_pct,"Maine MHDO Prescription Drug Pricing and Transparency Report (2022, covering CY2021)",2022,24,"average payer-paid amount as percent of WAC, MHDO Appendix B",state_disclosure,
905395,Hydralazine HCl 50 MG Tablet (Major Pharmaceuticals),0.04564,0.0593,13761.8,markup_pct,"Maine MHDO Prescription Drug Pricing and Transparency Report (2022, covering CY2021)",2022,24,"average payer-paid amount as percent of WAC, MHDO Appendix B",state_disclosure,
403878,Imatinib Mesylate 100 MG Tablet (Armas Pharmaceuticals),0.66319,0.1464444444444444,1687.47,markup_pct,"Maine MHDO Prescription Drug Pricing and Transparency Report (2022, covering CY2021)",2022,25,"average payer-paid amount as percent of WAC, MHDO Appendix B",state_disclosure,
403878,Imatinib Mesylate 100 MG Tablet (Breckenridge),0.66319,0.1464444444444444,6332.67,markup_pct,"Maine MHDO Prescription Drug Pricing and Transparency Report (2022, covering CY2021)",2022,25,"average payer-paid amount as percent of WAC, MHDO Appendix B",state_disclosure,
403878,Imatinib Mesylate 100 MG Tablet (Teva Pharmaceuticals),0.66319,0.1464444444444444,1102.44,markup_pct,"Maine MHDO Prescription Drug Pricing and Transparency Report (2022, covering CY2021)",2022,25,"average payer-paid amount as percent of WAC, MHDO Appendix B",state_disclosure,
403879,Imatinib Mesylate 400 MG Tablet (Armas Pharmaceuticals),2.94835,1.15,4210.31,markup_pct,"Maine MHDO Prescription Drug Pricing and Transparency Report (2022, covering CY2021)",2022,25,"average payer-paid amount as percent of WAC, MHDO Appendix B",state_disclosure,
403879,Imatinib Mesylate 400 MG Tablet (Aurobindo Pharma),2.94835,1.15,3152.49,markup_pct,"Maine MHDO Prescription Drug Pricing and Transparency Report (2022, covering CY2021)",2022,25,"average payer-paid amount as percent of WAC, MHDO Appendix B",state_disclosure,
403879,Imatinib Mesylate 400 MG Tablet (Breckenridge),2.94835,1.15,1039.23,markup_pct,"Maine MHDO Prescription Drug Pricing and Transparency Report (2022, covering CY2021)",2022,25,"average payer-paid amount as percent of WAC, MHDO Appendix B",state_disclosure,
403879,Imatinib Mesylate 400 MG Tablet (Sun Pharmaceuticals),2.94835,1.15,1181.64,markup_pct,"Maine MHDO Prescription Drug Pricing and Transparency Report (2022, covering CY2021)",2022,25,"average payer-paid amount as percent of WAC, MHDO Appendix B",state_disclosure,
403879,Imatinib Mesylate 400 MG Tablet (Teva Pharmaceuticals),2.94835,1.15,3055.42,markup_pct,"Maine MHDO Prescription Drug Pricing and Transparency Report (2022, covering CY2021)",2022,25,"average payer-paid amount as percent of WAC, MHDO Appendix B",state_disclosure,
979480,Losartan Potassium 100 MG Tablet (Aurobindo Pharma),0.04353,0.00579,3817.75,markup_pct,"Maine MHDO Prescription Drug Pricing and Transparency Report (2022, covering CY2021)",2022,25,"average payer-paid amount as percent of WAC, MHDO Appendix B",state_disclosure,
866924,Metoprolol Tartrate 25 MG Tablet (Mylan Institutional),0.01704,0.00528,10850.0,markup_pct,"Maine MHDO Prescription Drug Pricing and Transparency Report (2022, covering CY2021)",2022,25,"average payer-paid amount as percent of WAC, MHDO Appendix B",state_disclosure,
1606349,Metoprolol Tartrate 75 MG Tablet (Advagen Pharma),0.14207,0.0842,1087.03,markup_pct,"Maine MHDO Prescription Drug Pricing and Transparency Report (2022, covering CY2021)",2022,25,"average payer-paid amount as percent of WAC, MHDO Appendix B",state_disclosure,
895670,Quetiapine Fumarate 150 MG Tablet Extended Release 24 Hour (Ingenus Pharmaceuticals),0.18225,0.165,4342.95,markup_pct,"Maine MHDO Prescription Drug Pricing and Transparency Report (2022, covering CY2021)",2022,25,"average payer-paid amount as percent of WAC, MHDO Appendix B",state_disclosure,
577033,Sildenafil Citrate 20 MG Tablet (Pulm. HTN) (Aurobindo Pharma),0.05331,0.0067199999999999,1288.94,markup_pct,"Maine MHDO Prescription Drug Pricing and Transparency Report (2022, covering CY2021)",2022,25,"average payer-paid amount as percent of WAC, MHDO Appendix B",state_disclosure,
577033,Sildenafil Citrate 20 MG Tablet (Pulm. HTN) (Greenstone),0.05331,0.0067199999999999,1197.49,markup_pct,"Maine MHDO Prescription Drug Pricing and Transparency Report (2022, covering CY2021)",2022,25,"average payer-paid amount as percent of WAC, MHDO Appendix B",state_disclosure,
402019,Tadalafil 20 MG Tablet (Pulm. HTN) (Aurobindo Pharma),0.17207,0.01338,1522.59,markup_pct,"Maine MHDO Prescription Drug Pricing and Transparency Report (2022, covering CY2021)",2022,25,"average payer-paid amount as percent of WAC, MHDO Appendix B",state_disclosure,
402019,Tadalafil 20 MG Tablet (Pulm. HTN) (Aurobindo Pharma),0.17207,0.1131666666666666,1522.59,markup_pct,"Maine MHDO Prescription Drug Pricing and Transparency Report (2022, covering CY2021)",2022,25,"average payer-paid amount as percent of WAC, MHDO Appendix B",state_disclosure,
402019,Tadalafil 20 MG Tablet (Pulm. HTN) (Cipla USA),0.17207,0.01338,2795.81,markup_pct,"Maine MHDO Prescription Drug Pricing and Transparency Report (2022, covering CY2021)",2022,25,"average payer-paid amount as percent of WAC, MHDO Appendix B",state_disclosure,
402019,Tadalafil 20 MG Tablet (Pulm. HTN) (Cipla USA),0.17207,0.1131666666666666,2795.81,markup_pct,"Maine MHDO Prescription Drug Pricing and Transparency Report (2022, covering CY2021)",2022,25,"average payer-paid amount as percent of WAC, MHDO Appendix B",state_disclosure,
402019,Tadalafil 20 MG Tablet (Pulm. HTN) (Teva Pharmaceuticals),0.17207,0.01338,2121.96,markup_pct,"Maine MHDO Prescription Drug Pricing and Transparency Report (2022, covering CY2021)",2022,25,"average payer-paid amount as percent of WAC, MHDO Appendix B",state_disclosure,
402019,Tadalafil 20 MG Tablet (Pulm. HTN) (Teva Pharmaceuticals),0.17207,0.1131666666666666,2121.96,markup_pct,"Maine MHDO Prescription Drug Pricing and Transparency Report (2022, covering CY2021)",2022,25,"average payer-paid amount as percent of WAC, MHDO Appendix B",state_disclosure,
484814,Tadalafil 10 MG Tablet (Ajanta Pharma),0.1673,0.01372,2302.68,markup_pct,"Maine MHDO Prescription Drug Pricing and Transparency Report (2022, covering CY2021)",2022,25,"average payer-paid amount as percent of WAC, MHDO Appendix B",state_disclosure,
484814,Tadalafil 10 MG Tablet (Macleods Pharmaceuticals),0.1673,0.01372,2640.79,markup_pct,"Maine MHDO Prescription Drug Pricing and Transparency Report (2022, covering CY2021)",2022,25,"average payer-paid amount as percent of WAC, MHDO Appendix B",state_disclosure,
757707,Tadalafil 2.5 MG Tablet (Ajanta Pharma),0.11561,0.01166,2812.18,markup_pct,"Maine MHDO Prescription Drug Pricing and Transparency Report (2022, covering CY2021)",2022,25,"average payer-paid amount as percent of WAC, MHDO Appendix B",state_disclosure,
402019,Tadalafil 20 MG Tablet (Ajanta Pharma),0.17207,0.01338,4563.03,markup_pct,"Maine MHDO Prescription Drug Pricing and Transparency Report (2022, covering CY2021)",2022,25,"average payer-paid amount as percent of WAC, MHDO Appendix B",state_disclosure,
402019,Tadalafil 20 MG Tablet (Ajanta Pharma),0.17207,0.1131666666666666,4563.03,markup_pct,"Maine MHDO Prescription Drug Pricing and Transparency Report (2022, covering CY2021)",2022,25,"average payer-paid amount as percent of WAC, MHDO Appendix B",state_disclosure,
403957,Tadalafil 5 MG Tablet (Ajanta Pharma),0.10307,0.01194,1026.65,markup_pct,"Maine MHDO Prescription Drug Pricing and Transparency Report (2022, covering CY2021)",2022,25,"average payer-paid amount as percent of WAC, MHDO Appendix B",state_disclosure,
403957,Tadalafil 5 MG Tablet (AvKARE),0.10307,0.01194,1727.59,markup_pct,"Maine MHDO Prescription Drug Pricing and Transparency Report (2022, covering CY2021)",2022,25,"average payer-paid amount as percent of WAC, MHDO Appendix B",state_disclosure,
199592,Tetrabenazine 25 MG Tablet (Camber Pharmaceuticals),1.31557,0.2319642857142857,1218.8,markup_pct,"Maine MHDO Prescription Drug Pricing and Transparency Report (2022, covering CY2021)",2022,25,"average payer-paid amount as percent of WAC, MHDO Appendix B",state_disclosure,
199592,Tetrabenazine 25 MG Tablet (Slate Run Pharmaceuticals),1.31557,0.2319642857142857,1261.21,markup_pct,"Maine MHDO Prescription Drug Pricing and Transparency Report (2022, covering CY2021)",2022,25,"average payer-paid amount as percent of WAC, MHDO Appendix B",state_disclosure,
242679,Abacavir Sulfate 300mg Tablet,0.60124,0.2586666666666666,188.85,markup_pct,"Lewandowski v. Johnson & Johnson, ERISA Class Action Complaint (D.N.J. 1:24-cv-00671, filed Feb. 2024)",2024,44,table comparing NADAC acquisition cost to price plan agreed to pay,litigation,
242679,Abacavir Sulfate 300mg Tablet,0.60124,0.2586666666666666,507.76,markup_pct,"Navarro v. Wells Fargo & Co., ERISA Class Action Complaint (D. Minn. 0:24-cv-03043, filed Jul. 2024)",2024,55,table comparing NADAC acquisition cost to price plan agreed to pay,litigation,
328160,Cyclosporine 100mg Bottle of Capsules,7.91447,11.952333333333334,-5.49,markup_pct,"Lewandowski v. Johnson & Johnson, ERISA Class Action Complaint (D.N.J. 1:24-cv-00671, filed Feb. 2024)",2024,44,table comparing NADAC acquisition cost to price plan agreed to pay,litigation,
328160,Cyclosporine 100mg Bottle of Capsules,7.91447,11.952333333333334,32.41,markup_pct,"Navarro v. Wells Fargo & Co., ERISA Class Action Complaint (D. Minn. 0:24-cv-03043, filed Jul. 2024)",2024,55,table comparing NADAC acquisition cost to price plan agreed to pay,litigation,
1490038,Droxidopa 300mg Capsule,2.70983,0.3181111111111111,2217.99,markup_pct,"Lewandowski v. Johnson & Johnson, ERISA Class Action Complaint (D.N.J. 1:24-cv-00671, filed Feb. 2024)",2024,44,table comparing NADAC acquisition cost to price plan agreed to pay,litigation,
643066,Efavirenz-Emtricitab-Tenofo DF 600-200-300mg Bottle of Tablets,1.17381,0.5466666666666666,6060.96,markup_pct,"Lewandowski v. Johnson & Johnson, ERISA Class Action Complaint (D.N.J. 1:24-cv-00671, filed Feb. 2024)",2024,44,table comparing NADAC acquisition cost to price plan agreed to pay,litigation,
643066,Efavirenz-Emtricitab-Tenofo DF 600-200-300mg Bottle of Tablets,1.17381,0.5466666666666666,6353.12,markup_pct,"Navarro v. Wells Fargo & Co., ERISA Class Action Complaint (D. Minn. 0:24-cv-03043, filed Jul. 2024)",2024,55,table comparing NADAC acquisition cost to price plan agreed to pay,litigation,
2056895,Everolimus 1mg Tablet,6.75636,1.722,147.79,markup_pct,"Lewandowski v. Johnson & Johnson, ERISA Class Action Complaint (D.N.J. 1:24-cv-00671, filed Feb. 2024)",2024,44,table comparing NADAC acquisition cost to price plan agreed to pay,litigation,
2056895,Everolimus 1mg Tablet,6.75636,1.722,145.31,markup_pct,"Navarro v. Wells Fargo & Co., ERISA Class Action Complaint (D. Minn. 0:24-cv-03043, filed Jul. 2024)",2024,55,table comparing NADAC acquisition cost to price plan agreed to pay,litigation,
200082,Lamivudine-Zidovudine 150-300mg Tablet,0.69185,0.2269999999999999,210.44,markup_pct,"Lewandowski v. Johnson & Johnson, ERISA Class Action Complaint (D.N.J. 1:24-cv-00671, filed Feb. 2024)",2024,44,table comparing NADAC acquisition cost to price plan agreed to pay,litigation,
200082,Lamivudine-Zidovudine 150-300mg Tablet,0.69185,0.2269999999999999,563.35,markup_pct,"Navarro v. Wells Fargo & Co., ERISA Class Action Complaint (D. Minn. 0:24-cv-03043, filed Jul. 2024)",2024,55,table comparing NADAC acquisition cost to price plan agreed to pay,litigation,
200060,Mycophenolate Mofetil 500mg Tablet,0.27166,0.01932,-28.57,markup_pct,"Lewandowski v. Johnson & Johnson, ERISA Class Action Complaint (D.N.J. 1:24-cv-00671, filed Feb. 2024)",2024,44,table comparing NADAC acquisition cost to price plan agreed to pay,litigation,
200060,Mycophenolate Mofetil 500mg Tablet,0.27166,0.01932,138.45,markup_pct,"Navarro v. Wells Fargo & Co., ERISA Class Action Complaint (D. Minn. 0:24-cv-03043, filed Jul. 2024)",2024,55,table comparing NADAC acquisition cost to price plan agreed to pay,litigation,
199422,Nevirapine 200mg Tablet,0.15276,0.1455,-32.54,markup_pct,"Lewandowski v. Johnson & Johnson, ERISA Class Action Complaint (D.N.J. 1:24-cv-00671, filed Feb. 2024)",2024,44,table comparing NADAC acquisition cost to price plan agreed to pay,litigation,
199422,Nevirapine 200mg Tablet,0.15276,0.1455,35.16,markup_pct,"Navarro v. Wells Fargo & Co., ERISA Class Action Complaint (D. Minn. 0:24-cv-03043, filed Jul. 2024)",2024,55,table comparing NADAC acquisition cost to price plan agreed to pay,litigation,
198377,Tacrolimus 1mg Capsule,0.15607,0.0817,31.63,markup_pct,"Lewandowski v. Johnson & Johnson, ERISA Class Action Complaint (D.N.J. 1:24-cv-00671, filed Feb. 2024)",2024,44,table comparing NADAC acquisition cost to price plan agreed to pay,litigation,
199663,Zidovudine 300mg Tablet,0.43238,0.2391666666666666,202.89,markup_pct,"Lewandowski v. Johnson & Johnson, ERISA Class Action Complaint (D.N.J. 1:24-cv-00671, filed Feb. 2024)",2024,44,table comparing NADAC acquisition cost to price plan agreed to pay,litigation,
199663,Zidovudine 300mg Tablet,0.43238,0.2391666666666666,-14.02,markup_pct,"Navarro v. Wells Fargo & Co., ERISA Class Action Complaint (D. Minn. 0:24-cv-03043, filed Jul. 2024)",2024,55,table comparing NADAC acquisition cost to price plan agreed to pay,litigation,
1012895,Fingolimod HCl 0.5mg Bottle of Capsules,3.28902,3.118333333333333,1395.6,markup_pct,"Lewandowski v. Johnson & Johnson, ERISA Class Action Complaint (D.N.J. 1:24-cv-00671, filed Feb. 2024)",2024,44,table comparing NADAC acquisition cost to price plan agreed to pay,litigation,"Complaint's own p.38 narrative computes 1,420.7% for the identical dollar figures ($876.60 NADAC, $13,325.83 price) used in this p.44 exhibit table's 1,395.60%. Cited as printed on p.44; source's internal inconsistency, not corrected."
1012895,Fingolimod HCl 0.5mg Bottle of Capsules,3.28902,3.118333333333333,1040.13,markup_pct,"Navarro v. Wells Fargo & Co., ERISA Class Action Complaint (D. Minn. 0:24-cv-03043, filed Jul. 2024)",2024,55,table comparing NADAC acquisition cost to price plan agreed to pay,litigation,
1100075,Abiraterone Acetate 250mg Tablet,0.83053,0.1604166666666666,6391.86,markup_pct,"Lewandowski v. Johnson & Johnson, ERISA Class Action Complaint (D.N.J. 1:24-cv-00671, filed Feb. 2024)",2024,44,table comparing NADAC acquisition cost to price plan agreed to pay,litigation,
1100075,Abiraterone Acetate 250mg Tablet,0.83053,0.1604166666666666,2171.74,markup_pct,"Navarro v. Wells Fargo & Co., ERISA Class Action Complaint (D. Minn. 0:24-cv-03043, filed Jul. 2024)",2024,55,table comparing NADAC acquisition cost to price plan agreed to pay,litigation,
484814,Tadalafil 10mg Tablet,0.1673,0.01372,2126.04,markup_pct,"Lewandowski v. Johnson & Johnson, ERISA Class Action Complaint (D.N.J. 1:24-cv-00671, filed Feb. 2024)",2024,44,table comparing NADAC acquisition cost to price plan agreed to pay,litigation,
602393,Abacavir / Lamivudine 600mg-300mg Tablet,1.45422,1.274,800.72,markup_pct,"Lewandowski v. Johnson & Johnson, ERISA Class Action Complaint (D.N.J. 1:24-cv-00671, filed Feb. 2024)",2024,44,table comparing NADAC acquisition cost to price plan agreed to pay (sole-candidate),litigation,
602393,Abacavir / Lamivudine 600mg-300mg Tablet,1.45422,1.274,1617.78,markup_pct,"Navarro v. Wells Fargo & Co., ERISA Class Action Complaint (D. Minn. 0:24-cv-03043, filed Jul. 2024)",2024,55,table comparing NADAC acquisition cost to price plan agreed to pay (sole-candidate),litigation,
897021,Dalfampridine ER 10mg Extended Release Tablet,0.39278,0.1788333333333333,4688.04,markup_pct,"Lewandowski v. Johnson & Johnson, ERISA Class Action Complaint (D.N.J. 1:24-cv-00671, filed Feb. 2024)",2024,44,table comparing NADAC acquisition cost to price plan agreed to pay (sole-candidate),litigation,
897021,Dalfampridine ER 10mg Extended Release Tablet,0.39278,0.1788333333333333,3490.2,markup_pct,"Navarro v. Wells Fargo & Co., ERISA Class Action Complaint (D. Minn. 0:24-cv-03043, filed Jul. 2024)",2024,55,table comparing NADAC acquisition cost to price plan agreed to pay (sole-candidate),litigation,
349477,Efavirenz 600mg Bottle of Tablets,1.43183,0.7416666666666667,627.63,markup_pct,"Lewandowski v. Johnson & Johnson, ERISA Class Action Complaint (D.N.J. 1:24-cv-00671, filed Feb. 2024)",2024,44,table comparing NADAC acquisition cost to price plan agreed to pay (sole-candidate),litigation,
349477,Efavirenz 600mg Bottle of Tablets,1.43183,0.7416666666666667,762.38,markup_pct,"Navarro v. Wells Fargo & Co., ERISA Class Action Complaint (D. Minn. 0:24-cv-03043, filed Jul. 2024)",2024,55,table comparing NADAC acquisition cost to price plan agreed to pay (sole-candidate),litigation,
476556,Emtricitabine-Tenofovir DF 200mg - 300mg Bottle of Tablets,0.45662,0.4663333333333333,2445.7,markup_pct,"Lewandowski v. Johnson & Johnson, ERISA Class Action Complaint (D.N.J. 1:24-cv-00671, filed Feb. 2024)",2024,44,table comparing NADAC acquisition cost to price plan agreed to pay (sole-candidate),litigation,
476556,Emtricitabine-Tenofovir DF 200mg - 300mg Bottle of Tablets,0.45662,0.4663333333333333,2445.7,markup_pct,"Navarro v. Wells Fargo & Co., ERISA Class Action Complaint (D. Minn. 0:24-cv-03043, filed Jul. 2024)",2024,55,table comparing NADAC acquisition cost to price plan agreed to pay (sole-candidate),litigation,
1095712,Nevirapine ER 400mg Tablet Extended Release,1.54495,1.0096666666666667,37.44,markup_pct,"Lewandowski v. Johnson & Johnson, ERISA Class Action Complaint (D.N.J. 1:24-cv-00671, filed Feb. 2024)",2024,44,table comparing NADAC acquisition cost to price plan agreed to pay (sole-candidate),litigation,
1095712,Nevirapine ER 400mg Tablet Extended Release,1.54495,1.0096666666666667,243.27,markup_pct,"Navarro v. Wells Fargo & Co., ERISA Class Action Complaint (D. Minn. 0:24-cv-03043, filed Jul. 2024)",2024,55,table comparing NADAC acquisition cost to price plan agreed to pay (sole-candidate),litigation,
900575,Ritonavir 100mg Tablet,0.6618,0.659,422.59,markup_pct,"Lewandowski v. Johnson & Johnson, ERISA Class Action Complaint (D.N.J. 1:24-cv-00671, filed Feb. 2024)",2024,44,table comparing NADAC acquisition cost to price plan agreed to pay (sole-candidate),litigation,
900575,Ritonavir 100mg Tablet,0.6618,0.659,594.35,markup_pct,"Navarro v. Wells Fargo & Co., ERISA Class Action Complaint (D. Minn. 0:24-cv-03043, filed Jul. 2024)",2024,55,table comparing NADAC acquisition cost to price plan agreed to pay (sole-candidate),litigation,
349251,Tenofovir Disoproxil Fumarate 300mg Tablet,0.31068,0.36,88.35,markup_pct,"Lewandowski v. Johnson & Johnson, ERISA Class Action Complaint (D.N.J. 1:24-cv-00671, filed Feb. 2024)",2024,44,table comparing NADAC acquisition cost to price plan agreed to pay (sole-candidate),litigation,
349251,Tenofovir Disoproxil Fumarate 300mg Tablet,0.31068,0.36,171.51,markup_pct,"Navarro v. Wells Fargo & Co., ERISA Class Action Complaint (D. Minn. 0:24-cv-03043, filed Jul. 2024)",2024,55,table comparing NADAC acquisition cost to price plan agreed to pay (sole-candidate),litigation,
200328,Capecitabine 500mg Tablet,0.48619,0.1086666666666666,4302.33,markup_pct,"Lewandowski v. Johnson & Johnson, ERISA Class Action Complaint (D.N.J. 1:24-cv-00671, filed Feb. 2024)",2024,44,table comparing NADAC acquisition cost to price plan agreed to pay (price-within-10pct),litigation,
200328,Capecitabine 500mg Tablet,0.48619,0.1086666666666666,1438.32,markup_pct,"Navarro v. Wells Fargo & Co., ERISA Class Action Complaint (D. Minn. 0:24-cv-03043, filed Jul. 2024)",2024,55,table comparing NADAC acquisition cost to price plan agreed to pay (price-within-10pct),litigation,
897021,Dalfampridine ER 10mg Extended Release Tablet,0.39278,0.1788333333333333,1195.0,markup_pct,FTC Second Interim Staff Report (Jan 2025),2025,36,"affiliated pharmacy markup over NADAC, commercial claims, 2017-2022 avg",federal_study,
897021,Dalfampridine ER 10mg Extended Release Tablet,0.39278,0.1788333333333333,849.0,markup_pct,FTC Second Interim Staff Report (Jan 2025),2025,36,"affiliated pharmacy markup over NADAC, Medicare Part D, 2017-2022 avg",federal_study,
1435115,Teriparatide 560 mcg/2.24ml Solution Pen-injector,536.54901,346.0491071428571,-8.0,markup_pct,FTC Second Interim Staff Report (Jan 2025),2025,36,"affiliated pharmacy markup over NADAC, commercial claims, 2017-2022 avg",federal_study,
1435115,Teriparatide 560 mcg/2.24ml Solution Pen-injector,536.54901,346.0491071428571,0.0,markup_pct,FTC Second Interim Staff Report (Jan 2025),2025,36,"affiliated pharmacy markup over NADAC, Medicare Part D, 2017-2022 avg",federal_study,
