drug_name,metric_type,value,unit,source_name,source_year,source_page,source_quote,class_level
Octreotide (Sandostatin) Injectable,markup_pct,38,percent,FTC Second Interim Staff Report (Jan 2025),2025,36,"affiliated pharmacy markup over NADAC, commercial claims, 2017-2022 avg",False
Octreotide (Sandostatin) Injectable,markup_pct,56,percent,FTC Second Interim Staff Report (Jan 2025),2025,36,"affiliated pharmacy markup over NADAC, Medicare Part D, 2017-2022 avg",False
Tobramycin (Bethkis/Tobi) Inhaler,markup_pct,140,percent,FTC Second Interim Staff Report (Jan 2025),2025,36,"affiliated pharmacy markup over NADAC, commercial claims, 2017-2022 avg",False
Tobramycin (Bethkis/Tobi) Inhaler,markup_pct,136,percent,FTC Second Interim Staff Report (Jan 2025),2025,36,"affiliated pharmacy markup over NADAC, Medicare Part D, 2017-2022 avg",False
Abacavir (Ziagen) Pill,markup_pct,239,percent,FTC Second Interim Staff Report (Jan 2025),2025,36,"affiliated pharmacy markup over NADAC, commercial claims, 2017-2022 avg",False
Abacavir (Ziagen) Pill,markup_pct,306,percent,FTC Second Interim Staff Report (Jan 2025),2025,36,"affiliated pharmacy markup over NADAC, Medicare Part D, 2017-2022 avg",False
Abacavir/Lamivudine (Epzicom) Pill,markup_pct,289,percent,FTC Second Interim Staff Report (Jan 2025),2025,36,"affiliated pharmacy markup over NADAC, commercial claims, 2017-2022 avg",False
Abacavir/Lamivudine (Epzicom) Pill,markup_pct,230,percent,FTC Second Interim Staff Report (Jan 2025),2025,36,"affiliated pharmacy markup over NADAC, Medicare Part D, 2017-2022 avg",False
Abacavir/Lamivudine/Zidovudine (Trizivir) Pill,markup_pct,-8,percent,FTC Second Interim Staff Report (Jan 2025),2025,36,"affiliated pharmacy markup over NADAC, commercial claims, 2017-2022 avg",False
Abacavir/Lamivudine/Zidovudine (Trizivir) Pill,markup_pct,2,percent,FTC Second Interim Staff Report (Jan 2025),2025,36,"affiliated pharmacy markup over NADAC, Medicare Part D, 2017-2022 avg",False
Atazanavir (Reyataz) Pill,markup_pct,87,percent,FTC Second Interim Staff Report (Jan 2025),2025,36,"affiliated pharmacy markup over NADAC, commercial claims, 2017-2022 avg",False
Atazanavir (Reyataz) Pill,markup_pct,57,percent,FTC Second Interim Staff Report (Jan 2025),2025,36,"affiliated pharmacy markup over NADAC, Medicare Part D, 2017-2022 avg",False
Efavirenz (Sustiva) Pill,markup_pct,45,percent,FTC Second Interim Staff Report (Jan 2025),2025,36,"affiliated pharmacy markup over NADAC, commercial claims, 2017-2022 avg",False
Efavirenz (Sustiva) Pill,markup_pct,69,percent,FTC Second Interim Staff Report (Jan 2025),2025,36,"affiliated pharmacy markup over NADAC, Medicare Part D, 2017-2022 avg",False
Lamivudine (Epivir) Oral Liquid,markup_pct,3,percent,FTC Second Interim Staff Report (Jan 2025),2025,36,"affiliated pharmacy markup over NADAC, commercial claims, 2017-2022 avg",False
Lamivudine (Epivir) Oral Liquid,markup_pct,12,percent,FTC Second Interim Staff Report (Jan 2025),2025,36,"affiliated pharmacy markup over NADAC, Medicare Part D, 2017-2022 avg",False
Lamivudine (Epivir/Epivir HBV) Pill,markup_pct,168,percent,FTC Second Interim Staff Report (Jan 2025),2025,36,"affiliated pharmacy markup over NADAC, commercial claims, 2017-2022 avg",False
Lamivudine (Epivir/Epivir HBV) Pill,markup_pct,197,percent,FTC Second Interim Staff Report (Jan 2025),2025,36,"affiliated pharmacy markup over NADAC, Medicare Part D, 2017-2022 avg",False
Lamivudine/Zidovudine (Combivir) Pill,markup_pct,331,percent,FTC Second Interim Staff Report (Jan 2025),2025,36,"affiliated pharmacy markup over NADAC, commercial claims, 2017-2022 avg",False
Lamivudine/Zidovudine (Combivir) Pill,markup_pct,294,percent,FTC Second Interim Staff Report (Jan 2025),2025,36,"affiliated pharmacy markup over NADAC, Medicare Part D, 2017-2022 avg",False
Nevirapine (Viramune) Pill,markup_pct,126,percent,FTC Second Interim Staff Report (Jan 2025),2025,36,"affiliated pharmacy markup over NADAC, commercial claims, 2017-2022 avg",False
Nevirapine (Viramune) Pill,markup_pct,117,percent,FTC Second Interim Staff Report (Jan 2025),2025,36,"affiliated pharmacy markup over NADAC, Medicare Part D, 2017-2022 avg",False
Ritonavir (Norvir) Pill,markup_pct,67,percent,FTC Second Interim Staff Report (Jan 2025),2025,36,"affiliated pharmacy markup over NADAC, commercial claims, 2017-2022 avg",False
Ritonavir (Norvir) Pill,markup_pct,44,percent,FTC Second Interim Staff Report (Jan 2025),2025,36,"affiliated pharmacy markup over NADAC, Medicare Part D, 2017-2022 avg",False
Tenofovir Disoproxil (Viread) Pill,markup_pct,469,percent,FTC Second Interim Staff Report (Jan 2025),2025,36,"affiliated pharmacy markup over NADAC, commercial claims, 2017-2022 avg",False
Tenofovir Disoproxil (Viread) Pill,markup_pct,315,percent,FTC Second Interim Staff Report (Jan 2025),2025,36,"affiliated pharmacy markup over NADAC, Medicare Part D, 2017-2022 avg",False
Zidovudine (Retrovir) Pill,markup_pct,182,percent,FTC Second Interim Staff Report (Jan 2025),2025,36,"affiliated pharmacy markup over NADAC, commercial claims, 2017-2022 avg",False
Zidovudine (Retrovir) Pill,markup_pct,43,percent,FTC Second Interim Staff Report (Jan 2025),2025,36,"affiliated pharmacy markup over NADAC, Medicare Part D, 2017-2022 avg",False
Ribavirin (Moderiba/Rebetol) Pill,markup_pct,171,percent,FTC Second Interim Staff Report (Jan 2025),2025,36,"affiliated pharmacy markup over NADAC, commercial claims, 2017-2022 avg",False
Sofosbuvir/Velpatasvir (Epclusa) Pill,markup_pct,0,percent,FTC Second Interim Staff Report (Jan 2025),2025,36,"affiliated pharmacy markup over NADAC, commercial claims, 2017-2022 avg",False
Sofosbuvir/Velpatasvir (Epclusa) Pill,markup_pct,5,percent,FTC Second Interim Staff Report (Jan 2025),2025,36,"affiliated pharmacy markup over NADAC, Medicare Part D, 2017-2022 avg",False
Sildenafil (Revatio) Pill,markup_pct,1934,percent,FTC Second Interim Staff Report (Jan 2025),2025,36,"affiliated pharmacy markup over NADAC, commercial claims, 2017-2022 avg",False
Sildenafil (Revatio) Pill,markup_pct,1513,percent,FTC Second Interim Staff Report (Jan 2025),2025,36,"affiliated pharmacy markup over NADAC, Medicare Part D, 2017-2022 avg",False
Tadalafil (Adcirca) Pill,markup_pct,710,percent,FTC Second Interim Staff Report (Jan 2025),2025,36,"affiliated pharmacy markup over NADAC, commercial claims, 2017-2022 avg",False
Tadalafil (Adcirca) Pill,markup_pct,528,percent,FTC Second Interim Staff Report (Jan 2025),2025,36,"affiliated pharmacy markup over NADAC, Medicare Part D, 2017-2022 avg",False
Dalfampridine (Ampyra) Pill,markup_pct,1195,percent,FTC Second Interim Staff Report (Jan 2025),2025,36,"affiliated pharmacy markup over NADAC, commercial claims, 2017-2022 avg",False
Dalfampridine (Ampyra) Pill,markup_pct,849,percent,FTC Second Interim Staff Report (Jan 2025),2025,36,"affiliated pharmacy markup over NADAC, Medicare Part D, 2017-2022 avg",False
Dimethyl Fumarate (Tecfidera) Pill,markup_pct,2053,percent,FTC Second Interim Staff Report (Jan 2025),2025,36,"affiliated pharmacy markup over NADAC, commercial claims, 2017-2022 avg",False
Dimethyl Fumarate (Tecfidera) Pill,markup_pct,1616,percent,FTC Second Interim Staff Report (Jan 2025),2025,36,"affiliated pharmacy markup over NADAC, Medicare Part D, 2017-2022 avg",False
Glatiramer (Copaxone) Injectable,markup_pct,126,percent,FTC Second Interim Staff Report (Jan 2025),2025,36,"affiliated pharmacy markup over NADAC, commercial claims, 2017-2022 avg",False
Glatiramer (Copaxone) Injectable,markup_pct,158,percent,FTC Second Interim Staff Report (Jan 2025),2025,36,"affiliated pharmacy markup over NADAC, Medicare Part D, 2017-2022 avg",False
Abiraterone (Zytiga) Pill,markup_pct,1191,percent,FTC Second Interim Staff Report (Jan 2025),2025,36,"affiliated pharmacy markup over NADAC, commercial claims, 2017-2022 avg",False
Abiraterone (Zytiga) Pill,markup_pct,744,percent,FTC Second Interim Staff Report (Jan 2025),2025,36,"affiliated pharmacy markup over NADAC, Medicare Part D, 2017-2022 avg",False
Capecitabine (Xeloda) Pill,markup_pct,542,percent,FTC Second Interim Staff Report (Jan 2025),2025,36,"affiliated pharmacy markup over NADAC, commercial claims, 2017-2022 avg",False
Capecitabine (Xeloda) Pill,markup_pct,277,percent,FTC Second Interim Staff Report (Jan 2025),2025,36,"affiliated pharmacy markup over NADAC, Medicare Part D, 2017-2022 avg",False
Everolimus (Afinitor/Zortress) Pill,markup_pct,2,percent,FTC Second Interim Staff Report (Jan 2025),2025,36,"affiliated pharmacy markup over NADAC, commercial claims, 2017-2022 avg",False
Everolimus (Afinitor/Zortress) Pill,markup_pct,1,percent,FTC Second Interim Staff Report (Jan 2025),2025,36,"affiliated pharmacy markup over NADAC, Medicare Part D, 2017-2022 avg",False
Imatinib (Gleevec) Pill,markup_pct,412,percent,FTC Second Interim Staff Report (Jan 2025),2025,36,"affiliated pharmacy markup over NADAC, commercial claims, 2017-2022 avg",False
Imatinib (Gleevec) Pill,markup_pct,344,percent,FTC Second Interim Staff Report (Jan 2025),2025,36,"affiliated pharmacy markup over NADAC, Medicare Part D, 2017-2022 avg",False
Temozolomide (Temodar) Pill,markup_pct,295,percent,FTC Second Interim Staff Report (Jan 2025),2025,36,"affiliated pharmacy markup over NADAC, commercial claims, 2017-2022 avg",False
Temozolomide (Temodar) Pill,markup_pct,185,percent,FTC Second Interim Staff Report (Jan 2025),2025,36,"affiliated pharmacy markup over NADAC, Medicare Part D, 2017-2022 avg",False
Teriparatide (Forteo) Injectable,markup_pct,-8,percent,FTC Second Interim Staff Report (Jan 2025),2025,36,"affiliated pharmacy markup over NADAC, commercial claims, 2017-2022 avg",False
Teriparatide (Forteo) Injectable,markup_pct,0,percent,FTC Second Interim Staff Report (Jan 2025),2025,36,"affiliated pharmacy markup over NADAC, Medicare Part D, 2017-2022 avg",False
Cyclosporine (Gengraf) Oral Liquid,markup_pct,4,percent,FTC Second Interim Staff Report (Jan 2025),2025,36,"affiliated pharmacy markup over NADAC, commercial claims, 2017-2022 avg",False
Cyclosporine (Gengraf) Pill,markup_pct,13,percent,FTC Second Interim Staff Report (Jan 2025),2025,36,"affiliated pharmacy markup over NADAC, commercial claims, 2017-2022 avg",False
Cyclosporine (Gengraf) Pill,markup_pct,27,percent,FTC Second Interim Staff Report (Jan 2025),2025,36,"affiliated pharmacy markup over NADAC, Medicare Part D, 2017-2022 avg",False
Mycophenolate Mofetil (Cellcept) Oral Liquid,markup_pct,-5,percent,FTC Second Interim Staff Report (Jan 2025),2025,36,"affiliated pharmacy markup over NADAC, commercial claims, 2017-2022 avg",False
Mycophenolate Mofetil (Cellcept) Oral Liquid,markup_pct,6,percent,FTC Second Interim Staff Report (Jan 2025),2025,36,"affiliated pharmacy markup over NADAC, Medicare Part D, 2017-2022 avg",False
Mycophenolate Mofetil (Cellcept) Pill,markup_pct,295,percent,FTC Second Interim Staff Report (Jan 2025),2025,36,"affiliated pharmacy markup over NADAC, commercial claims, 2017-2022 avg",False
Mycophenolate Mofetil (Cellcept) Pill,markup_pct,122,percent,FTC Second Interim Staff Report (Jan 2025),2025,36,"affiliated pharmacy markup over NADAC, Medicare Part D, 2017-2022 avg",False
Mycophenolic Acid (Myfortic) Pill,markup_pct,106,percent,FTC Second Interim Staff Report (Jan 2025),2025,36,"affiliated pharmacy markup over NADAC, commercial claims, 2017-2022 avg",False
Mycophenolic Acid (Myfortic) Pill,markup_pct,122,percent,FTC Second Interim Staff Report (Jan 2025),2025,36,"affiliated pharmacy markup over NADAC, Medicare Part D, 2017-2022 avg",False
Sirolimus (Rapamune) Oral Liquid,markup_pct,40,percent,FTC Second Interim Staff Report (Jan 2025),2025,36,"affiliated pharmacy markup over NADAC, commercial claims, 2017-2022 avg",False
Sirolimus (Rapamune) Oral Liquid,markup_pct,38,percent,FTC Second Interim Staff Report (Jan 2025),2025,36,"affiliated pharmacy markup over NADAC, Medicare Part D, 2017-2022 avg",False
Sirolimus (Rapamune) Pill,markup_pct,26,percent,FTC Second Interim Staff Report (Jan 2025),2025,36,"affiliated pharmacy markup over NADAC, commercial claims, 2017-2022 avg",False
Sirolimus (Rapamune) Pill,markup_pct,33,percent,FTC Second Interim Staff Report (Jan 2025),2025,36,"affiliated pharmacy markup over NADAC, Medicare Part D, 2017-2022 avg",False
Tacrolimus (Prograf) Pill,markup_pct,249,percent,FTC Second Interim Staff Report (Jan 2025),2025,36,"affiliated pharmacy markup over NADAC, commercial claims, 2017-2022 avg",False
Tacrolimus (Prograf) Pill,markup_pct,210,percent,FTC Second Interim Staff Report (Jan 2025),2025,36,"affiliated pharmacy markup over NADAC, Medicare Part D, 2017-2022 avg",False
Tadalafil (Adcirca) Pill,acquisition_cost,27,usd_per_30day_supply,FTC Second Interim Staff Report (Jan 2025),2025,17,pharmacies purchased the drug at an average of $27 in 2022,False
Tadalafil (Adcirca) Pill,reimbursement_amount,2106,usd_per_30day_supply,FTC Second Interim Staff Report (Jan 2025),2025,17,"Big 3 PBMs paid their affiliated pharmacies $2,106, on average",False
Tadalafil (Adcirca) Pill,markup_pct,7700,percent,FTC Second Interim Staff Report (Jan 2025),2025,17,"an average markup of over 7,700 percent",False
Dimethyl Fumarate (Tecfidera) Pill,acquisition_cost,177,usd_per_30day_supply,FTC Second Interim Staff Report (Jan 2025),2025,17,average acquisition cost of the drug was $177,False
Dimethyl Fumarate (Tecfidera) Pill,reimbursement_amount,3930,usd_per_30day_supply,FTC Second Interim Staff Report (Jan 2025),2025,17,"paid their affiliated pharmacies $3,930 for a 30-day supply",False
Dimethyl Fumarate (Tecfidera) Pill,markup_pct,2100,percent,FTC Second Interim Staff Report (Jan 2025),2025,17,"average markup was more than 2,100 percent on commercial claims",False
Abiraterone Acetate (Zytiga),reimbursement_amount,5800,usd_per_month_commercial_2022,FTC First Interim Staff Report (Jul 2024),2024,43,"reimbursed affiliated pharmacies for abiraterone acetate more than $5,800 per month",False
Abiraterone Acetate (Zytiga),acquisition_cost,229,usd_per_month_NADAC_2022,FTC First Interim Staff Report (Jul 2024),2024,43,approximately 25-times the $229 acquisition cost,False
Abiraterone Acetate (Zytiga),markup_pct,2400,"percent (25x NADAC, commercial, 2022)",FTC First Interim Staff Report (Jul 2024),2024,43,approximately 25-times the $229 acquisition cost reflected by NADAC,False
Abiraterone Acetate (Zytiga),markup_pct,2200,"percent (23x NADAC, Part D, 2022)",FTC First Interim Staff Report (Jul 2024),2024,44,Part D plan reimbursements to affiliated pharmacies averaged 23-times NADAC,False
Imatinib Mesylate (Gleevec),reimbursement_amount,2700,usd_per_month_commercial_2022,FTC First Interim Staff Report (Jul 2024),2024,44,"commercial health plan reimbursements to affiliated pharmacies averaged roughly $2,700 per month",False
Imatinib Mesylate (Gleevec),acquisition_cost,66,usd_per_month_NADAC_2022,FTC First Interim Staff Report (Jul 2024),2024,44,more than 40-times higher than the NADAC acquisition cost of $66,False
Imatinib Mesylate (Gleevec),markup_pct,4000,"percent (40x NADAC, commercial, 2022)",FTC First Interim Staff Report (Jul 2024),2024,44,more than 40-times higher than the NADAC acquisition cost of $66,False
Imatinib Mesylate (Gleevec),markup_pct,3600,"percent (36x NADAC, Part D, 2022)",FTC First Interim Staff Report (Jul 2024),2024,44,Part D plans similarly reimbursed affiliated pharmacies nearly 36-times NADAC,False
Imatinib Mesylate (Gleevec),markup_pct,25000,"percent (250x acquisition cost, internal PBM presentation, 2021)",FTC First Interim Staff Report (Jul 2024),2024,45,billed payers almost 250-times its acquisition cost for imatinib mesylate in 2021,False
Imatinib Mesylate (Gleevec),reimbursement_amount,97,usd_Costco_nonpreferred_pharmacy,FTC First Interim Staff Report (Jul 2024),2024,45,get the drug at a non-preferred pharmacy (Costco) for $97,False
Imatinib Mesylate (Gleevec),reimbursement_amount,9000,usd_Walgreens_preferred_pharmacy,FTC First Interim Staff Report (Jul 2024),2024,45,at Walgreens (preferred) for $9000,False
Imatinib Mesylate (Gleevec),reimbursement_amount,19200,usd_preferred_home_delivery,FTC First Interim Staff Report (Jul 2024),2024,45,"at preferred home delivery for $19,200",False
Abiraterone Acetate (Zytiga),spread_dollars,685000000,usd_total_affiliated_pharmacy_excess_over_NADAC_2020-2022,FTC First Interim Staff Report (Jul 2024),2024,44,by $685 million for abiraterone acetate (generic Zytiga),False
Imatinib Mesylate (Gleevec),spread_dollars,902100000,usd_total_affiliated_pharmacy_excess_over_NADAC_2020-2022,FTC First Interim Staff Report (Jul 2024),2024,44,by $902.1 million for imatinib mesylate (generic Gleevec),False
Ezetimibe,spread_dollars,47.56,usd_intermediary_gross_profit_per_claim_2021,"JAMA Health Forum, Mattingly et al. (Oct 2023)",2023,2,"combined PBM+pharmacy+wholesaler gross profit per Part D claim, 2021",False
Ezetimibe,spread_pct,83.4,percent_of_Part_D_spending_2021,"JAMA Health Forum, Mattingly et al. (Oct 2023)",2023,2,intermediary gross profit as proportion of Part D spending,False
Clobetasol propionate,spread_dollars,43.55,usd_intermediary_gross_profit_per_claim_2021,"JAMA Health Forum, Mattingly et al. (Oct 2023)",2023,2,"combined PBM+pharmacy+wholesaler gross profit per Part D claim, 2021",False
Clobetasol propionate,spread_pct,69.0,percent_of_Part_D_spending_2021,"JAMA Health Forum, Mattingly et al. (Oct 2023)",2023,2,intermediary gross profit as proportion of Part D spending,False
Celecoxib,spread_dollars,38.34,usd_intermediary_gross_profit_per_claim_2021,"JAMA Health Forum, Mattingly et al. (Oct 2023)",2023,2,"combined PBM+pharmacy+wholesaler gross profit per Part D claim, 2021",False
Celecoxib,spread_pct,76.6,percent_of_Part_D_spending_2021,"JAMA Health Forum, Mattingly et al. (Oct 2023)",2023,2,intermediary gross profit as proportion of Part D spending,False
Valacyclovir HCl,spread_dollars,32.51,usd_intermediary_gross_profit_per_claim_2021,"JAMA Health Forum, Mattingly et al. (Oct 2023)",2023,2,"combined PBM+pharmacy+wholesaler gross profit per Part D claim, 2021",False
Valacyclovir HCl,spread_pct,73.5,percent_of_Part_D_spending_2021,"JAMA Health Forum, Mattingly et al. (Oct 2023)",2023,2,intermediary gross profit as proportion of Part D spending,False
Pregabalin,spread_dollars,30.51,usd_intermediary_gross_profit_per_claim_2021,"JAMA Health Forum, Mattingly et al. (Oct 2023)",2023,2,"combined PBM+pharmacy+wholesaler gross profit per Part D claim, 2021",False
Pregabalin,spread_pct,55.9,percent_of_Part_D_spending_2021,"JAMA Health Forum, Mattingly et al. (Oct 2023)",2023,2,intermediary gross profit as proportion of Part D spending,False
Duloxetine HCl,spread_dollars,29.08,usd_intermediary_gross_profit_per_claim_2021,"JAMA Health Forum, Mattingly et al. (Oct 2023)",2023,2,"combined PBM+pharmacy+wholesaler gross profit per Part D claim, 2021",False
Duloxetine HCl,spread_pct,77.2,percent_of_Part_D_spending_2021,"JAMA Health Forum, Mattingly et al. (Oct 2023)",2023,2,intermediary gross profit as proportion of Part D spending,False
Baclofen,spread_dollars,25.03,usd_intermediary_gross_profit_per_claim_2021,"JAMA Health Forum, Mattingly et al. (Oct 2023)",2023,2,"combined PBM+pharmacy+wholesaler gross profit per Part D claim, 2021",False
Baclofen,spread_pct,86.1,percent_of_Part_D_spending_2021,"JAMA Health Forum, Mattingly et al. (Oct 2023)",2023,2,intermediary gross profit as proportion of Part D spending,False
Rosuvastatin calcium,spread_dollars,24.76,usd_intermediary_gross_profit_per_claim_2021,"JAMA Health Forum, Mattingly et al. (Oct 2023)",2023,2,"combined PBM+pharmacy+wholesaler gross profit per Part D claim, 2021",False
Rosuvastatin calcium,spread_pct,79.8,percent_of_Part_D_spending_2021,"JAMA Health Forum, Mattingly et al. (Oct 2023)",2023,2,intermediary gross profit as proportion of Part D spending,False
Diclofenac sodium,spread_dollars,24.73,usd_intermediary_gross_profit_per_claim_2021,"JAMA Health Forum, Mattingly et al. (Oct 2023)",2023,2,"combined PBM+pharmacy+wholesaler gross profit per Part D claim, 2021",False
Diclofenac sodium,spread_pct,80.0,percent_of_Part_D_spending_2021,"JAMA Health Forum, Mattingly et al. (Oct 2023)",2023,2,intermediary gross profit as proportion of Part D spending,False
Potassium chloride,spread_dollars,23.98,usd_intermediary_gross_profit_per_claim_2021,"JAMA Health Forum, Mattingly et al. (Oct 2023)",2023,2,"combined PBM+pharmacy+wholesaler gross profit per Part D claim, 2021",False
Potassium chloride,spread_pct,78.6,percent_of_Part_D_spending_2021,"JAMA Health Forum, Mattingly et al. (Oct 2023)",2023,2,intermediary gross profit as proportion of Part D spending,False
Doxycycline hyclate,spread_dollars,22.31,usd_intermediary_gross_profit_per_claim_2021,"JAMA Health Forum, Mattingly et al. (Oct 2023)",2023,2,"combined PBM+pharmacy+wholesaler gross profit per Part D claim, 2021",False
Doxycycline hyclate,spread_pct,88.6,percent_of_Part_D_spending_2021,"JAMA Health Forum, Mattingly et al. (Oct 2023)",2023,2,intermediary gross profit as proportion of Part D spending,False
Losartan and hydrochlorothiazide,spread_dollars,21.56,usd_intermediary_gross_profit_per_claim_2021,"JAMA Health Forum, Mattingly et al. (Oct 2023)",2023,2,"combined PBM+pharmacy+wholesaler gross profit per Part D claim, 2021",False
Losartan and hydrochlorothiazide,spread_pct,82.1,percent_of_Part_D_spending_2021,"JAMA Health Forum, Mattingly et al. (Oct 2023)",2023,2,intermediary gross profit as proportion of Part D spending,False
Bupropion HCl,spread_dollars,19.86,usd_intermediary_gross_profit_per_claim_2021,"JAMA Health Forum, Mattingly et al. (Oct 2023)",2023,2,"combined PBM+pharmacy+wholesaler gross profit per Part D claim, 2021",False
Bupropion HCl,spread_pct,46.3,percent_of_Part_D_spending_2021,"JAMA Health Forum, Mattingly et al. (Oct 2023)",2023,2,intermediary gross profit as proportion of Part D spending,False
Mirtazapine,spread_dollars,18.64,usd_intermediary_gross_profit_per_claim_2021,"JAMA Health Forum, Mattingly et al. (Oct 2023)",2023,2,"combined PBM+pharmacy+wholesaler gross profit per Part D claim, 2021",False
Mirtazapine,spread_pct,81.4,percent_of_Part_D_spending_2021,"JAMA Health Forum, Mattingly et al. (Oct 2023)",2023,2,intermediary gross profit as proportion of Part D spending,False
Oxycodone HCl and acetaminophen,spread_dollars,17.03,usd_intermediary_gross_profit_per_claim_2021,"JAMA Health Forum, Mattingly et al. (Oct 2023)",2023,2,"combined PBM+pharmacy+wholesaler gross profit per Part D claim, 2021",False
Oxycodone HCl and acetaminophen,spread_pct,61.5,percent_of_Part_D_spending_2021,"JAMA Health Forum, Mattingly et al. (Oct 2023)",2023,2,intermediary gross profit as proportion of Part D spending,False
Metoprolol succinate,spread_dollars,17.0,usd_intermediary_gross_profit_per_claim_2021,"JAMA Health Forum, Mattingly et al. (Oct 2023)",2023,2,"combined PBM+pharmacy+wholesaler gross profit per Part D claim, 2021",False
Metoprolol succinate,spread_pct,75.8,percent_of_Part_D_spending_2021,"JAMA Health Forum, Mattingly et al. (Oct 2023)",2023,2,intermediary gross profit as proportion of Part D spending,False
Finasteride,spread_dollars,15.66,usd_intermediary_gross_profit_per_claim_2021,"JAMA Health Forum, Mattingly et al. (Oct 2023)",2023,2,"combined PBM+pharmacy+wholesaler gross profit per Part D claim, 2021",False
Finasteride,spread_pct,82.8,percent_of_Part_D_spending_2021,"JAMA Health Forum, Mattingly et al. (Oct 2023)",2023,2,intermediary gross profit as proportion of Part D spending,False
Buspirone HCl,spread_dollars,15.0,usd_intermediary_gross_profit_per_claim_2021,"JAMA Health Forum, Mattingly et al. (Oct 2023)",2023,2,"combined PBM+pharmacy+wholesaler gross profit per Part D claim, 2021",False
Buspirone HCl,spread_pct,78.9,percent_of_Part_D_spending_2021,"JAMA Health Forum, Mattingly et al. (Oct 2023)",2023,2,intermediary gross profit as proportion of Part D spending,False
Quetiapine fumarate,spread_dollars,14.79,usd_intermediary_gross_profit_per_claim_2021,"JAMA Health Forum, Mattingly et al. (Oct 2023)",2023,2,"combined PBM+pharmacy+wholesaler gross profit per Part D claim, 2021",False
Quetiapine fumarate,spread_pct,61.7,percent_of_Part_D_spending_2021,"JAMA Health Forum, Mattingly et al. (Oct 2023)",2023,2,intermediary gross profit as proportion of Part D spending,False
Pravastatin sodium,spread_dollars,14.75,usd_intermediary_gross_profit_per_claim_2021,"JAMA Health Forum, Mattingly et al. (Oct 2023)",2023,2,"combined PBM+pharmacy+wholesaler gross profit per Part D claim, 2021",False
Pravastatin sodium,spread_pct,82.5,percent_of_Part_D_spending_2021,"JAMA Health Forum, Mattingly et al. (Oct 2023)",2023,2,intermediary gross profit as proportion of Part D spending,False
Pantoprazole sodium,spread_dollars,14.72,usd_intermediary_gross_profit_per_claim_2021,"JAMA Health Forum, Mattingly et al. (Oct 2023)",2023,2,"combined PBM+pharmacy+wholesaler gross profit per Part D claim, 2021",False
Pantoprazole sodium,spread_pct,82.3,percent_of_Part_D_spending_2021,"JAMA Health Forum, Mattingly et al. (Oct 2023)",2023,2,intermediary gross profit as proportion of Part D spending,False
Gabapentin,spread_dollars,12.06,usd_intermediary_gross_profit_per_claim_2021,"JAMA Health Forum, Mattingly et al. (Oct 2023)",2023,2,"combined PBM+pharmacy+wholesaler gross profit per Part D claim, 2021",False
Gabapentin,spread_pct,64.0,percent_of_Part_D_spending_2021,"JAMA Health Forum, Mattingly et al. (Oct 2023)",2023,2,intermediary gross profit as proportion of Part D spending,False
Montelukast sodium,spread_dollars,11.71,usd_intermediary_gross_profit_per_claim_2021,"JAMA Health Forum, Mattingly et al. (Oct 2023)",2023,2,"combined PBM+pharmacy+wholesaler gross profit per Part D claim, 2021",False
Montelukast sodium,spread_pct,81.3,percent_of_Part_D_spending_2021,"JAMA Health Forum, Mattingly et al. (Oct 2023)",2023,2,intermediary gross profit as proportion of Part D spending,False
Levothyroxine sodium,spread_dollars,11.54,usd_intermediary_gross_profit_per_claim_2021,"JAMA Health Forum, Mattingly et al. (Oct 2023)",2023,2,"combined PBM+pharmacy+wholesaler gross profit per Part D claim, 2021",False
Levothyroxine sodium,spread_pct,60.9,percent_of_Part_D_spending_2021,"JAMA Health Forum, Mattingly et al. (Oct 2023)",2023,2,intermediary gross profit as proportion of Part D spending,False
Hydrocodone and acetaminophen,spread_dollars,11.47,usd_intermediary_gross_profit_per_claim_2021,"JAMA Health Forum, Mattingly et al. (Oct 2023)",2023,2,"combined PBM+pharmacy+wholesaler gross profit per Part D claim, 2021",False
Hydrocodone and acetaminophen,spread_pct,53.0,percent_of_Part_D_spending_2021,"JAMA Health Forum, Mattingly et al. (Oct 2023)",2023,2,intermediary gross profit as proportion of Part D spending,False
Omeprazole,spread_dollars,11.24,usd_intermediary_gross_profit_per_claim_2021,"JAMA Health Forum, Mattingly et al. (Oct 2023)",2023,2,"combined PBM+pharmacy+wholesaler gross profit per Part D claim, 2021",False
Omeprazole,spread_pct,72.3,percent_of_Part_D_spending_2021,"JAMA Health Forum, Mattingly et al. (Oct 2023)",2023,2,intermediary gross profit as proportion of Part D spending,False
Escitalopram oxalate,spread_dollars,11.19,usd_intermediary_gross_profit_per_claim_2021,"JAMA Health Forum, Mattingly et al. (Oct 2023)",2023,2,"combined PBM+pharmacy+wholesaler gross profit per Part D claim, 2021",False
Escitalopram oxalate,spread_pct,77.9,percent_of_Part_D_spending_2021,"JAMA Health Forum, Mattingly et al. (Oct 2023)",2023,2,intermediary gross profit as proportion of Part D spending,False
Allopurinol,spread_dollars,10.47,usd_intermediary_gross_profit_per_claim_2021,"JAMA Health Forum, Mattingly et al. (Oct 2023)",2023,2,"combined PBM+pharmacy+wholesaler gross profit per Part D claim, 2021",False
Allopurinol,spread_pct,69.6,percent_of_Part_D_spending_2021,"JAMA Health Forum, Mattingly et al. (Oct 2023)",2023,2,intermediary gross profit as proportion of Part D spending,False
Famotidine,spread_dollars,10.4,usd_intermediary_gross_profit_per_claim_2021,"JAMA Health Forum, Mattingly et al. (Oct 2023)",2023,2,"combined PBM+pharmacy+wholesaler gross profit per Part D claim, 2021",False
Famotidine,spread_pct,55.0,percent_of_Part_D_spending_2021,"JAMA Health Forum, Mattingly et al. (Oct 2023)",2023,2,intermediary gross profit as proportion of Part D spending,False
Donepezil HCl,spread_dollars,9.99,usd_intermediary_gross_profit_per_claim_2021,"JAMA Health Forum, Mattingly et al. (Oct 2023)",2023,2,"combined PBM+pharmacy+wholesaler gross profit per Part D claim, 2021",False
Donepezil HCl,spread_pct,66.9,percent_of_Part_D_spending_2021,"JAMA Health Forum, Mattingly et al. (Oct 2023)",2023,2,intermediary gross profit as proportion of Part D spending,False
Atorvastatin calcium,spread_dollars,9.42,usd_intermediary_gross_profit_per_claim_2021,"JAMA Health Forum, Mattingly et al. (Oct 2023)",2023,2,"combined PBM+pharmacy+wholesaler gross profit per Part D claim, 2021",False
Atorvastatin calcium,spread_pct,68.9,percent_of_Part_D_spending_2021,"JAMA Health Forum, Mattingly et al. (Oct 2023)",2023,2,intermediary gross profit as proportion of Part D spending,False
Carvedilol,spread_dollars,9.19,usd_intermediary_gross_profit_per_claim_2021,"JAMA Health Forum, Mattingly et al. (Oct 2023)",2023,2,"combined PBM+pharmacy+wholesaler gross profit per Part D claim, 2021",False
Carvedilol,spread_pct,83.2,percent_of_Part_D_spending_2021,"JAMA Health Forum, Mattingly et al. (Oct 2023)",2023,2,intermediary gross profit as proportion of Part D spending,False
Losartan potassium,spread_dollars,8.63,usd_intermediary_gross_profit_per_claim_2021,"JAMA Health Forum, Mattingly et al. (Oct 2023)",2023,2,"combined PBM+pharmacy+wholesaler gross profit per Part D claim, 2021",False
Losartan potassium,spread_pct,64.6,percent_of_Part_D_spending_2021,"JAMA Health Forum, Mattingly et al. (Oct 2023)",2023,2,intermediary gross profit as proportion of Part D spending,False
Clopidogrel bisulfate,spread_dollars,8.59,usd_intermediary_gross_profit_per_claim_2021,"JAMA Health Forum, Mattingly et al. (Oct 2023)",2023,2,"combined PBM+pharmacy+wholesaler gross profit per Part D claim, 2021",False
Clopidogrel bisulfate,spread_pct,70.2,percent_of_Part_D_spending_2021,"JAMA Health Forum, Mattingly et al. (Oct 2023)",2023,2,intermediary gross profit as proportion of Part D spending,False
Fluoxetine HCl,spread_dollars,8.41,usd_intermediary_gross_profit_per_claim_2021,"JAMA Health Forum, Mattingly et al. (Oct 2023)",2023,2,"combined PBM+pharmacy+wholesaler gross profit per Part D claim, 2021",False
Fluoxetine HCl,spread_pct,58.0,percent_of_Part_D_spending_2021,"JAMA Health Forum, Mattingly et al. (Oct 2023)",2023,2,intermediary gross profit as proportion of Part D spending,False
Alprazolam,spread_dollars,7.91,usd_intermediary_gross_profit_per_claim_2021,"JAMA Health Forum, Mattingly et al. (Oct 2023)",2023,2,"combined PBM+pharmacy+wholesaler gross profit per Part D claim, 2021",False
Alprazolam,spread_pct,79.5,percent_of_Part_D_spending_2021,"JAMA Health Forum, Mattingly et al. (Oct 2023)",2023,2,intermediary gross profit as proportion of Part D spending,False
Sertraline HCl,spread_dollars,7.55,usd_intermediary_gross_profit_per_claim_2021,"JAMA Health Forum, Mattingly et al. (Oct 2023)",2023,2,"combined PBM+pharmacy+wholesaler gross profit per Part D claim, 2021",False
Sertraline HCl,spread_pct,67.7,percent_of_Part_D_spending_2021,"JAMA Health Forum, Mattingly et al. (Oct 2023)",2023,2,intermediary gross profit as proportion of Part D spending,False
Trazodone HCl,spread_dollars,6.75,usd_intermediary_gross_profit_per_claim_2021,"JAMA Health Forum, Mattingly et al. (Oct 2023)",2023,2,"combined PBM+pharmacy+wholesaler gross profit per Part D claim, 2021",False
Trazodone HCl,spread_pct,54.2,percent_of_Part_D_spending_2021,"JAMA Health Forum, Mattingly et al. (Oct 2023)",2023,2,intermediary gross profit as proportion of Part D spending,False
Simvastatin,spread_dollars,6.71,usd_intermediary_gross_profit_per_claim_2021,"JAMA Health Forum, Mattingly et al. (Oct 2023)",2023,2,"combined PBM+pharmacy+wholesaler gross profit per Part D claim, 2021",False
Simvastatin,spread_pct,76.7,percent_of_Part_D_spending_2021,"JAMA Health Forum, Mattingly et al. (Oct 2023)",2023,2,intermediary gross profit as proportion of Part D spending,False
Metoprolol tartrate,spread_dollars,6.47,usd_intermediary_gross_profit_per_claim_2021,"JAMA Health Forum, Mattingly et al. (Oct 2023)",2023,2,"combined PBM+pharmacy+wholesaler gross profit per Part D claim, 2021",False
Metoprolol tartrate,spread_pct,82.4,percent_of_Part_D_spending_2021,"JAMA Health Forum, Mattingly et al. (Oct 2023)",2023,2,intermediary gross profit as proportion of Part D spending,False
Amlodipine besylate,spread_dollars,6.07,usd_intermediary_gross_profit_per_claim_2021,"JAMA Health Forum, Mattingly et al. (Oct 2023)",2023,2,"combined PBM+pharmacy+wholesaler gross profit per Part D claim, 2021",False
Amlodipine besylate,spread_pct,86.6,percent_of_Part_D_spending_2021,"JAMA Health Forum, Mattingly et al. (Oct 2023)",2023,2,intermediary gross profit as proportion of Part D spending,False
Lisinopril,spread_dollars,5.78,usd_intermediary_gross_profit_per_claim_2021,"JAMA Health Forum, Mattingly et al. (Oct 2023)",2023,2,"combined PBM+pharmacy+wholesaler gross profit per Part D claim, 2021",False
Lisinopril,spread_pct,80.4,percent_of_Part_D_spending_2021,"JAMA Health Forum, Mattingly et al. (Oct 2023)",2023,2,intermediary gross profit as proportion of Part D spending,False
Metformin HCl,spread_dollars,5.18,usd_intermediary_gross_profit_per_claim_2021,"JAMA Health Forum, Mattingly et al. (Oct 2023)",2023,2,"combined PBM+pharmacy+wholesaler gross profit per Part D claim, 2021",False
Metformin HCl,spread_pct,69.2,percent_of_Part_D_spending_2021,"JAMA Health Forum, Mattingly et al. (Oct 2023)",2023,2,intermediary gross profit as proportion of Part D spending,False
Furosemide,spread_dollars,4.48,usd_intermediary_gross_profit_per_claim_2021,"JAMA Health Forum, Mattingly et al. (Oct 2023)",2023,2,"combined PBM+pharmacy+wholesaler gross profit per Part D claim, 2021",False
Furosemide,spread_pct,75.0,percent_of_Part_D_spending_2021,"JAMA Health Forum, Mattingly et al. (Oct 2023)",2023,2,intermediary gross profit as proportion of Part D spending,False
Oxycodone HCl,spread_dollars,-2.96,usd_intermediary_gross_profit_per_claim_2021,"JAMA Health Forum, Mattingly et al. (Oct 2023)",2023,2,"combined PBM+pharmacy+wholesaler gross profit per Part D claim, 2021",False
Oxycodone HCl,spread_pct,-12.3,percent_of_Part_D_spending_2021,"JAMA Health Forum, Mattingly et al. (Oct 2023)",2023,2,intermediary gross profit as proportion of Part D spending,False
Donepezil hydrochloride,reimbursement_amount,10.04,usd_FUL_per_prescription_2021,"JAMA Health Forum, Mattingly et al. (Oct 2023)",2023,3,"FUL per prescription, $10.04 (Table 2)",False
Donepezil hydrochloride,acquisition_cost,8.22,usd_NADAC_per_prescription_2021,"JAMA Health Forum, Mattingly et al. (Oct 2023)",2023,3,"NADAC per prescription, $8.22 (Table 2)",False
Donepezil hydrochloride,spread_dollars,4.89,usd_PBM_gross_profit_per_prescription_2021,"JAMA Health Forum, Mattingly et al. (Oct 2023)",2023,3,"PBM gross profit per prescription, $4.89",False
Donepezil hydrochloride,spread_dollars,1.82,usd_pharmacy_gross_profit_per_prescription_2021,"JAMA Health Forum, Mattingly et al. (Oct 2023)",2023,3,"pharmacy gross profit per prescription, $1.82",False
Donepezil hydrochloride,spread_dollars,3.82,usd_wholesaler_gross_profit_per_prescription_2021,"JAMA Health Forum, Mattingly et al. (Oct 2023)",2023,3,"wholesaler gross profit per prescription, $3.82",False
Oxycodone and acetaminophen,reimbursement_amount,18.66,usd_FUL_per_prescription_2021,"JAMA Health Forum, Mattingly et al. (Oct 2023)",2023,3,"FUL per prescription, $18.66 (Table 2)",False
Oxycodone and acetaminophen,acquisition_cost,14.99,usd_NADAC_per_prescription_2021,"JAMA Health Forum, Mattingly et al. (Oct 2023)",2023,3,"NADAC per prescription, $14.99 (Table 2)",False
Oxycodone and acetaminophen,spread_dollars,9.03,usd_PBM_gross_profit_per_prescription_2021,"JAMA Health Forum, Mattingly et al. (Oct 2023)",2023,3,"PBM gross profit per prescription, $9.03",False
Oxycodone and acetaminophen,spread_dollars,3.67,usd_pharmacy_gross_profit_per_prescription_2021,"JAMA Health Forum, Mattingly et al. (Oct 2023)",2023,3,"pharmacy gross profit per prescription, $3.67",False
Oxycodone and acetaminophen,spread_dollars,4.32,usd_wholesaler_gross_profit_per_prescription_2021,"JAMA Health Forum, Mattingly et al. (Oct 2023)",2023,3,"wholesaler gross profit per prescription, $4.32",False
Abiraterone Acetate 250 MG Tablet (Dr. Reddy's),markup_pct,1727.73,percent_of_WAC (APCD paid / WAC),"Maine MHDO Prescription Drug Pricing and Transparency Report (2022, covering CY2021)",2022,23,"average payer-paid amount as percent of WAC, MHDO Appendix B",False
Abiraterone Acetate 250 MG Tablet (Novadoz Pharmaceuticals),markup_pct,1558.05,percent_of_WAC (APCD paid / WAC),"Maine MHDO Prescription Drug Pricing and Transparency Report (2022, covering CY2021)",2022,23,"average payer-paid amount as percent of WAC, MHDO Appendix B",False
Abiraterone Acetate 250 MG Tablet (Rising Pharmaceuticals),markup_pct,1321.51,percent_of_WAC (APCD paid / WAC),"Maine MHDO Prescription Drug Pricing and Transparency Report (2022, covering CY2021)",2022,23,"average payer-paid amount as percent of WAC, MHDO Appendix B",False
Abiraterone Acetate 250 MG Tablet (Wockhardt USA),markup_pct,1018.72,percent_of_WAC (APCD paid / WAC),"Maine MHDO Prescription Drug Pricing and Transparency Report (2022, covering CY2021)",2022,23,"average payer-paid amount as percent of WAC, MHDO Appendix B",False
Aripiprazole 15 MG Tablet (Amneal Pharmaceuticals),markup_pct,1551.36,percent_of_WAC (APCD paid / WAC),"Maine MHDO Prescription Drug Pricing and Transparency Report (2022, covering CY2021)",2022,23,"average payer-paid amount as percent of WAC, MHDO Appendix B",False
Aripiprazole 15 MG Tablet (Apotex),markup_pct,1631.08,percent_of_WAC (APCD paid / WAC),"Maine MHDO Prescription Drug Pricing and Transparency Report (2022, covering CY2021)",2022,23,"average payer-paid amount as percent of WAC, MHDO Appendix B",False
Aripiprazole 15 MG Tablet (Ascend Laboratories),markup_pct,1213.77,percent_of_WAC (APCD paid / WAC),"Maine MHDO Prescription Drug Pricing and Transparency Report (2022, covering CY2021)",2022,23,"average payer-paid amount as percent of WAC, MHDO Appendix B",False
Aripiprazole 15 MG Tablet (Camber Pharmaceuticals),markup_pct,1017.29,percent_of_WAC (APCD paid / WAC),"Maine MHDO Prescription Drug Pricing and Transparency Report (2022, covering CY2021)",2022,23,"average payer-paid amount as percent of WAC, MHDO Appendix B",False
Aripiprazole 15 MG Tablet (Dr. Reddy's),markup_pct,1261.33,percent_of_WAC (APCD paid / WAC),"Maine MHDO Prescription Drug Pricing and Transparency Report (2022, covering CY2021)",2022,23,"average payer-paid amount as percent of WAC, MHDO Appendix B",False
Aripiprazole 20 MG Tablet (Accord Healthcare),markup_pct,1292.46,percent_of_WAC (APCD paid / WAC),"Maine MHDO Prescription Drug Pricing and Transparency Report (2022, covering CY2021)",2022,23,"average payer-paid amount as percent of WAC, MHDO Appendix B",False
Aripiprazole 20 MG Tablet (Ascend Laboratories),markup_pct,1083.97,percent_of_WAC (APCD paid / WAC),"Maine MHDO Prescription Drug Pricing and Transparency Report (2022, covering CY2021)",2022,23,"average payer-paid amount as percent of WAC, MHDO Appendix B",False
Aripiprazole 20 MG Tablet (Camber Pharmaceuticals),markup_pct,1246.75,percent_of_WAC (APCD paid / WAC),"Maine MHDO Prescription Drug Pricing and Transparency Report (2022, covering CY2021)",2022,23,"average payer-paid amount as percent of WAC, MHDO Appendix B",False
Aripiprazole 5 MG Tablet (Dr. Reddy's),markup_pct,1207.52,percent_of_WAC (APCD paid / WAC),"Maine MHDO Prescription Drug Pricing and Transparency Report (2022, covering CY2021)",2022,23,"average payer-paid amount as percent of WAC, MHDO Appendix B",False
Atorvastatin Calcium 10 MG Tablet (Northstar Rx),markup_pct,1447.51,percent_of_WAC (APCD paid / WAC),"Maine MHDO Prescription Drug Pricing and Transparency Report (2022, covering CY2021)",2022,23,"average payer-paid amount as percent of WAC, MHDO Appendix B",False
Baclofen 10 MG Tablet (Major Pharmaceuticals),markup_pct,5355.21,percent_of_WAC (APCD paid / WAC),"Maine MHDO Prescription Drug Pricing and Transparency Report (2022, covering CY2021)",2022,23,"average payer-paid amount as percent of WAC, MHDO Appendix B",False
Capecitabine 500 MG Tablet (Accord Healthcare),markup_pct,1137.82,percent_of_WAC (APCD paid / WAC),"Maine MHDO Prescription Drug Pricing and Transparency Report (2022, covering CY2021)",2022,23,"average payer-paid amount as percent of WAC, MHDO Appendix B",False
Capecitabine 500 MG Tablet (Armas Pharmaceuticals),markup_pct,1306.73,percent_of_WAC (APCD paid / WAC),"Maine MHDO Prescription Drug Pricing and Transparency Report (2022, covering CY2021)",2022,23,"average payer-paid amount as percent of WAC, MHDO Appendix B",False
Capecitabine 500 MG Tablet (Novadoz Pharmaceuticals),markup_pct,1519.26,percent_of_WAC (APCD paid / WAC),"Maine MHDO Prescription Drug Pricing and Transparency Report (2022, covering CY2021)",2022,23,"average payer-paid amount as percent of WAC, MHDO Appendix B",False
Cinacalcet HCl 30 MG Tablet (Cipla USA),markup_pct,1817.02,percent_of_WAC (APCD paid / WAC),"Maine MHDO Prescription Drug Pricing and Transparency Report (2022, covering CY2021)",2022,23,"average payer-paid amount as percent of WAC, MHDO Appendix B",False
Cinacalcet HCl 30 MG Tablet (90ct) (Accord Healthcare),markup_pct,2449.58,percent_of_WAC (APCD paid / WAC),"Maine MHDO Prescription Drug Pricing and Transparency Report (2022, covering CY2021)",2022,23,"average payer-paid amount as percent of WAC, MHDO Appendix B",False
Cinacalcet HCl 60 MG Tablet (30ct) (Accord Healthcare),markup_pct,1295.21,percent_of_WAC (APCD paid / WAC),"Maine MHDO Prescription Drug Pricing and Transparency Report (2022, covering CY2021)",2022,23,"average payer-paid amount as percent of WAC, MHDO Appendix B",False
Cinacalcet HCl 60 MG Tablet (Cipla USA),markup_pct,1720.25,percent_of_WAC (APCD paid / WAC),"Maine MHDO Prescription Drug Pricing and Transparency Report (2022, covering CY2021)",2022,23,"average payer-paid amount as percent of WAC, MHDO Appendix B",False
Cinacalcet HCl 90 MG Tablet (Accord Healthcare),markup_pct,1071.75,percent_of_WAC (APCD paid / WAC),"Maine MHDO Prescription Drug Pricing and Transparency Report (2022, covering CY2021)",2022,24,"average payer-paid amount as percent of WAC, MHDO Appendix B",False
Cinacalcet HCl 90 MG Tablet (ACI Healthcare USA),markup_pct,1215.79,percent_of_WAC (APCD paid / WAC),"Maine MHDO Prescription Drug Pricing and Transparency Report (2022, covering CY2021)",2022,24,"average payer-paid amount as percent of WAC, MHDO Appendix B",False
Cinacalcet HCl 90 MG Tablet (Cipla USA),markup_pct,3690.26,percent_of_WAC (APCD paid / WAC),"Maine MHDO Prescription Drug Pricing and Transparency Report (2022, covering CY2021)",2022,24,"average payer-paid amount as percent of WAC, MHDO Appendix B",False
Cinacalcet HCl 90 MG Tablet (Dr. Reddy's),markup_pct,1545.76,percent_of_WAC (APCD paid / WAC),"Maine MHDO Prescription Drug Pricing and Transparency Report (2022, covering CY2021)",2022,24,"average payer-paid amount as percent of WAC, MHDO Appendix B",False
Clobetasol Propionate 0.05% Ointment (AvKARE),markup_pct,3182.87,percent_of_WAC (APCD paid / WAC),"Maine MHDO Prescription Drug Pricing and Transparency Report (2022, covering CY2021)",2022,24,"average payer-paid amount as percent of WAC, MHDO Appendix B",False
Clomipramine HCl 25 MG Capsule (Ajanta Pharma),markup_pct,1075.6,percent_of_WAC (APCD paid / WAC),"Maine MHDO Prescription Drug Pricing and Transparency Report (2022, covering CY2021)",2022,24,"average payer-paid amount as percent of WAC, MHDO Appendix B",False
Clomipramine HCl 25 MG Capsule (90ct) (Rising Pharmaceuticals),markup_pct,1021.04,percent_of_WAC (APCD paid / WAC),"Maine MHDO Prescription Drug Pricing and Transparency Report (2022, covering CY2021)",2022,24,"average payer-paid amount as percent of WAC, MHDO Appendix B",False
Clomipramine HCl 50 MG Capsule (Rising Pharmaceuticals),markup_pct,1596.1,percent_of_WAC (APCD paid / WAC),"Maine MHDO Prescription Drug Pricing and Transparency Report (2022, covering CY2021)",2022,24,"average payer-paid amount as percent of WAC, MHDO Appendix B",False
Clopidogrel Bisulfate 300 MG Tablet (Apotex),markup_pct,1306.92,percent_of_WAC (APCD paid / WAC),"Maine MHDO Prescription Drug Pricing and Transparency Report (2022, covering CY2021)",2022,24,"average payer-paid amount as percent of WAC, MHDO Appendix B",False
Daptomycin 500 MG Solution Reconstituted (BE Pharmaceuticals),markup_pct,1111.32,percent_of_WAC (APCD paid / WAC),"Maine MHDO Prescription Drug Pricing and Transparency Report (2022, covering CY2021)",2022,24,"average payer-paid amount as percent of WAC, MHDO Appendix B",False
Deferasirox 180 MG Tablet (Xiromed),markup_pct,7106.73,percent_of_WAC (APCD paid / WAC),"Maine MHDO Prescription Drug Pricing and Transparency Report (2022, covering CY2021)",2022,24,"average payer-paid amount as percent of WAC, MHDO Appendix B",False
Deferasirox 180 MG Tablet (Zydus Pharmaceuticals),markup_pct,1287.82,percent_of_WAC (APCD paid / WAC),"Maine MHDO Prescription Drug Pricing and Transparency Report (2022, covering CY2021)",2022,24,"average payer-paid amount as percent of WAC, MHDO Appendix B",False
Deferasirox 360 MG Tablet (Xiromed),markup_pct,2531.31,percent_of_WAC (APCD paid / WAC),"Maine MHDO Prescription Drug Pricing and Transparency Report (2022, covering CY2021)",2022,24,"average payer-paid amount as percent of WAC, MHDO Appendix B",False
Deferasirox 500 MG Tablet Soluble (Glenmark Pharmaceuticals),markup_pct,1101.27,percent_of_WAC (APCD paid / WAC),"Maine MHDO Prescription Drug Pricing and Transparency Report (2022, covering CY2021)",2022,24,"average payer-paid amount as percent of WAC, MHDO Appendix B",False
Dicyclomine HCl 10 MG Capsule (American Health Packaging),markup_pct,5127.83,percent_of_WAC (APCD paid / WAC),"Maine MHDO Prescription Drug Pricing and Transparency Report (2022, covering CY2021)",2022,24,"average payer-paid amount as percent of WAC, MHDO Appendix B",False
Emtricitabine-Tenofovir Disoproxil Fumarate 200-300 MG Tablet (Amneal Pharmaceuticals),markup_pct,1472.39,percent_of_WAC (APCD paid / WAC),"Maine MHDO Prescription Drug Pricing and Transparency Report (2022, covering CY2021)",2022,24,"average payer-paid amount as percent of WAC, MHDO Appendix B",False
Emtricitabine-Tenofovir Disoproxil Fumarate 200-300 MG Tablet (Aurobindo Pharma),markup_pct,1078.44,percent_of_WAC (APCD paid / WAC),"Maine MHDO Prescription Drug Pricing and Transparency Report (2022, covering CY2021)",2022,24,"average payer-paid amount as percent of WAC, MHDO Appendix B",False
Emtricitabine-Tenofovir Disoproxil Fumarate 200-300 MG Tablet (Laurus Labs),markup_pct,2258.12,percent_of_WAC (APCD paid / WAC),"Maine MHDO Prescription Drug Pricing and Transparency Report (2022, covering CY2021)",2022,24,"average payer-paid amount as percent of WAC, MHDO Appendix B",False
Emtricitabine-Tenofovir Disoproxil Fumarate 200-300 MG Tablet (Lupin Pharmaceuticals),markup_pct,1575.15,percent_of_WAC (APCD paid / WAC),"Maine MHDO Prescription Drug Pricing and Transparency Report (2022, covering CY2021)",2022,24,"average payer-paid amount as percent of WAC, MHDO Appendix B",False
Emtricitabine-Tenofovir Disoproxil Fumarate 200-300 MG Tablet (Macleods Pharmaceuticals),markup_pct,1573.43,percent_of_WAC (APCD paid / WAC),"Maine MHDO Prescription Drug Pricing and Transparency Report (2022, covering CY2021)",2022,24,"average payer-paid amount as percent of WAC, MHDO Appendix B",False
Emtricitabine-Tenofovir Disoproxil Fumarate 200-300 MG Tablet (Strides Pharma),markup_pct,1300.34,percent_of_WAC (APCD paid / WAC),"Maine MHDO Prescription Drug Pricing and Transparency Report (2022, covering CY2021)",2022,24,"average payer-paid amount as percent of WAC, MHDO Appendix B",False
Emtricitabine-Tenofovir Disoproxil Fumarate 200-300 MG Tablet (Zydus Pharmaceuticals),markup_pct,1284.52,percent_of_WAC (APCD paid / WAC),"Maine MHDO Prescription Drug Pricing and Transparency Report (2022, covering CY2021)",2022,24,"average payer-paid amount as percent of WAC, MHDO Appendix B",False
Emtricitabine-Tenofovir Disoproxil Fumarate 200-300 MG Tablet (Teva Pharmaceuticals),markup_pct,1603.35,percent_of_WAC (APCD paid / WAC),"Maine MHDO Prescription Drug Pricing and Transparency Report (2022, covering CY2021)",2022,24,"average payer-paid amount as percent of WAC, MHDO Appendix B",False
Entecavir 1 MG Tablet (Camber Pharmaceuticals),markup_pct,1755.04,percent_of_WAC (APCD paid / WAC),"Maine MHDO Prescription Drug Pricing and Transparency Report (2022, covering CY2021)",2022,24,"average payer-paid amount as percent of WAC, MHDO Appendix B",False
Erlotinib HCl 100 MG Tablet (Breckenridge),markup_pct,1512.54,percent_of_WAC (APCD paid / WAC),"Maine MHDO Prescription Drug Pricing and Transparency Report (2022, covering CY2021)",2022,24,"average payer-paid amount as percent of WAC, MHDO Appendix B",False
Ezetimibe 10 MG Tablet (OHM Labs),markup_pct,1388.09,percent_of_WAC (APCD paid / WAC),"Maine MHDO Prescription Drug Pricing and Transparency Report (2022, covering CY2021)",2022,24,"average payer-paid amount as percent of WAC, MHDO Appendix B",False
Hydralazine HCl 50 MG Tablet (Major Pharmaceuticals),markup_pct,13761.8,percent_of_WAC (APCD paid / WAC),"Maine MHDO Prescription Drug Pricing and Transparency Report (2022, covering CY2021)",2022,24,"average payer-paid amount as percent of WAC, MHDO Appendix B",False
Imatinib Mesylate 100 MG Tablet (Armas Pharmaceuticals),markup_pct,1687.47,percent_of_WAC (APCD paid / WAC),"Maine MHDO Prescription Drug Pricing and Transparency Report (2022, covering CY2021)",2022,25,"average payer-paid amount as percent of WAC, MHDO Appendix B",False
Imatinib Mesylate 100 MG Tablet (Breckenridge),markup_pct,6332.67,percent_of_WAC (APCD paid / WAC),"Maine MHDO Prescription Drug Pricing and Transparency Report (2022, covering CY2021)",2022,25,"average payer-paid amount as percent of WAC, MHDO Appendix B",False
Imatinib Mesylate 100 MG Tablet (Teva Pharmaceuticals),markup_pct,1102.44,percent_of_WAC (APCD paid / WAC),"Maine MHDO Prescription Drug Pricing and Transparency Report (2022, covering CY2021)",2022,25,"average payer-paid amount as percent of WAC, MHDO Appendix B",False
Imatinib Mesylate 400 MG Tablet (Armas Pharmaceuticals),markup_pct,4210.31,percent_of_WAC (APCD paid / WAC),"Maine MHDO Prescription Drug Pricing and Transparency Report (2022, covering CY2021)",2022,25,"average payer-paid amount as percent of WAC, MHDO Appendix B",False
Imatinib Mesylate 400 MG Tablet (Aurobindo Pharma),markup_pct,3152.49,percent_of_WAC (APCD paid / WAC),"Maine MHDO Prescription Drug Pricing and Transparency Report (2022, covering CY2021)",2022,25,"average payer-paid amount as percent of WAC, MHDO Appendix B",False
Imatinib Mesylate 400 MG Tablet (Breckenridge),markup_pct,1039.23,percent_of_WAC (APCD paid / WAC),"Maine MHDO Prescription Drug Pricing and Transparency Report (2022, covering CY2021)",2022,25,"average payer-paid amount as percent of WAC, MHDO Appendix B",False
Imatinib Mesylate 400 MG Tablet (Sun Pharmaceuticals),markup_pct,1181.64,percent_of_WAC (APCD paid / WAC),"Maine MHDO Prescription Drug Pricing and Transparency Report (2022, covering CY2021)",2022,25,"average payer-paid amount as percent of WAC, MHDO Appendix B",False
Imatinib Mesylate 400 MG Tablet (Teva Pharmaceuticals),markup_pct,3055.42,percent_of_WAC (APCD paid / WAC),"Maine MHDO Prescription Drug Pricing and Transparency Report (2022, covering CY2021)",2022,25,"average payer-paid amount as percent of WAC, MHDO Appendix B",False
Losartan Potassium 100 MG Tablet (Aurobindo Pharma),markup_pct,3817.75,percent_of_WAC (APCD paid / WAC),"Maine MHDO Prescription Drug Pricing and Transparency Report (2022, covering CY2021)",2022,25,"average payer-paid amount as percent of WAC, MHDO Appendix B",False
Metoprolol Tartrate 25 MG Tablet (Mylan Institutional),markup_pct,10850.0,percent_of_WAC (APCD paid / WAC),"Maine MHDO Prescription Drug Pricing and Transparency Report (2022, covering CY2021)",2022,25,"average payer-paid amount as percent of WAC, MHDO Appendix B",False
Metoprolol Tartrate 75 MG Tablet (Advagen Pharma),markup_pct,1087.03,percent_of_WAC (APCD paid / WAC),"Maine MHDO Prescription Drug Pricing and Transparency Report (2022, covering CY2021)",2022,25,"average payer-paid amount as percent of WAC, MHDO Appendix B",False
Mycophenolate Sodium 360 MG Tablet Delayed Release (Ascend Laboratories),markup_pct,1217.77,percent_of_WAC (APCD paid / WAC),"Maine MHDO Prescription Drug Pricing and Transparency Report (2022, covering CY2021)",2022,25,"average payer-paid amount as percent of WAC, MHDO Appendix B",False
Pregabalin 75 MG Capsule (Camber Pharmaceuticals),markup_pct,1516.44,percent_of_WAC (APCD paid / WAC),"Maine MHDO Prescription Drug Pricing and Transparency Report (2022, covering CY2021)",2022,25,"average payer-paid amount as percent of WAC, MHDO Appendix B",False
Quetiapine Fumarate 150 MG Tablet Extended Release 24 Hour (Ingenus Pharmaceuticals),markup_pct,4342.95,percent_of_WAC (APCD paid / WAC),"Maine MHDO Prescription Drug Pricing and Transparency Report (2022, covering CY2021)",2022,25,"average payer-paid amount as percent of WAC, MHDO Appendix B",False
Sildenafil Citrate 20 MG Tablet (Pulm. HTN) (Aurobindo Pharma),markup_pct,1288.94,percent_of_WAC (APCD paid / WAC),"Maine MHDO Prescription Drug Pricing and Transparency Report (2022, covering CY2021)",2022,25,"average payer-paid amount as percent of WAC, MHDO Appendix B",False
Sildenafil Citrate 20 MG Tablet (Pulm. HTN) (Greenstone),markup_pct,1197.49,percent_of_WAC (APCD paid / WAC),"Maine MHDO Prescription Drug Pricing and Transparency Report (2022, covering CY2021)",2022,25,"average payer-paid amount as percent of WAC, MHDO Appendix B",False
Tadalafil 20 MG Tablet (Pulm. HTN) (Aurobindo Pharma),markup_pct,1522.59,percent_of_WAC (APCD paid / WAC),"Maine MHDO Prescription Drug Pricing and Transparency Report (2022, covering CY2021)",2022,25,"average payer-paid amount as percent of WAC, MHDO Appendix B",False
Tadalafil 20 MG Tablet (Pulm. HTN) (Cipla USA),markup_pct,2795.81,percent_of_WAC (APCD paid / WAC),"Maine MHDO Prescription Drug Pricing and Transparency Report (2022, covering CY2021)",2022,25,"average payer-paid amount as percent of WAC, MHDO Appendix B",False
Tadalafil 20 MG Tablet (Pulm. HTN) (Teva Pharmaceuticals),markup_pct,2121.96,percent_of_WAC (APCD paid / WAC),"Maine MHDO Prescription Drug Pricing and Transparency Report (2022, covering CY2021)",2022,25,"average payer-paid amount as percent of WAC, MHDO Appendix B",False
Tadalafil 10 MG Tablet (Ajanta Pharma),markup_pct,2302.68,percent_of_WAC (APCD paid / WAC),"Maine MHDO Prescription Drug Pricing and Transparency Report (2022, covering CY2021)",2022,25,"average payer-paid amount as percent of WAC, MHDO Appendix B",False
Tadalafil 10 MG Tablet (Macleods Pharmaceuticals),markup_pct,2640.79,percent_of_WAC (APCD paid / WAC),"Maine MHDO Prescription Drug Pricing and Transparency Report (2022, covering CY2021)",2022,25,"average payer-paid amount as percent of WAC, MHDO Appendix B",False
Tadalafil 2.5 MG Tablet (Ajanta Pharma),markup_pct,2812.18,percent_of_WAC (APCD paid / WAC),"Maine MHDO Prescription Drug Pricing and Transparency Report (2022, covering CY2021)",2022,25,"average payer-paid amount as percent of WAC, MHDO Appendix B",False
Tadalafil 20 MG Tablet (Ajanta Pharma),markup_pct,4563.03,percent_of_WAC (APCD paid / WAC),"Maine MHDO Prescription Drug Pricing and Transparency Report (2022, covering CY2021)",2022,25,"average payer-paid amount as percent of WAC, MHDO Appendix B",False
Tadalafil 5 MG Tablet (Ajanta Pharma),markup_pct,1026.65,percent_of_WAC (APCD paid / WAC),"Maine MHDO Prescription Drug Pricing and Transparency Report (2022, covering CY2021)",2022,25,"average payer-paid amount as percent of WAC, MHDO Appendix B",False
Tadalafil 5 MG Tablet (AvKARE),markup_pct,1727.59,percent_of_WAC (APCD paid / WAC),"Maine MHDO Prescription Drug Pricing and Transparency Report (2022, covering CY2021)",2022,25,"average payer-paid amount as percent of WAC, MHDO Appendix B",False
Tetrabenazine 25 MG Tablet (Camber Pharmaceuticals),markup_pct,1218.8,percent_of_WAC (APCD paid / WAC),"Maine MHDO Prescription Drug Pricing and Transparency Report (2022, covering CY2021)",2022,25,"average payer-paid amount as percent of WAC, MHDO Appendix B",False
Tetrabenazine 25 MG Tablet (Slate Run Pharmaceuticals),markup_pct,1261.21,percent_of_WAC (APCD paid / WAC),"Maine MHDO Prescription Drug Pricing and Transparency Report (2022, covering CY2021)",2022,25,"average payer-paid amount as percent of WAC, MHDO Appendix B",False
Vigabatrin 500 MG Packet (Cipla USA),markup_pct,1270.57,percent_of_WAC (APCD paid / WAC),"Maine MHDO Prescription Drug Pricing and Transparency Report (2022, covering CY2021)",2022,25,"average payer-paid amount as percent of WAC, MHDO Appendix B",False
Imatinib (Gleevec) 30-tab,acquisition_cost,15.43,usd_per_30tab_costplus_2024,"DrugPatentWatch blog, Mark Cuban Cost Plus Drugs is Killing Spread Pricing (2026)",2026,N/A (web page),Cost Plus price...$15.43/30-tab,False
Imatinib (Gleevec) 30-tab,reimbursement_amount,1500,usd_per_30tab_PBM_low_2024,"DrugPatentWatch blog, Mark Cuban Cost Plus Drugs is Killing Spread Pricing (2026)",2026,N/A (web page),"typical PBM-adjudicated prices of $1,500-$2,200",False
Imatinib (Gleevec) 30-tab,reimbursement_amount,2200,usd_per_30tab_PBM_high_2024,"DrugPatentWatch blog, Mark Cuban Cost Plus Drugs is Killing Spread Pricing (2026)",2026,N/A (web page),"typical PBM-adjudicated prices of $1,500-$2,200",False
Imatinib (Gleevec) 30-tab,reimbursement_amount,9000,usd_per_month_original_brand,"DrugPatentWatch blog, Mark Cuban Cost Plus Drugs is Killing Spread Pricing (2026)",2026,N/A (web page),"original brand pricing: more than $9,000 per month",False
Sildenafil (Viagra) 6-tab,acquisition_cost,17.5,usd_per_6tab_costplus_2024,"DrugPatentWatch blog, Mark Cuban Cost Plus Drugs is Killing Spread Pricing (2026)",2026,N/A (web page),Cost Plus: $17.50/6-tab,False
Sildenafil (Viagra) 6-tab,reimbursement_amount,80,usd_per_6tab_PBM_low_2024,"DrugPatentWatch blog, Mark Cuban Cost Plus Drugs is Killing Spread Pricing (2026)",2026,N/A (web page),Typical PBM range: $80-$160,False
Sildenafil (Viagra) 6-tab,reimbursement_amount,160,usd_per_6tab_PBM_high_2024,"DrugPatentWatch blog, Mark Cuban Cost Plus Drugs is Killing Spread Pricing (2026)",2026,N/A (web page),Typical PBM range: $80-$160,False
Rosuvastatin (Crestor) 90-tab,acquisition_cost,14.7,usd_per_90tab_costplus_2024,"DrugPatentWatch blog, Mark Cuban Cost Plus Drugs is Killing Spread Pricing (2026)",2026,N/A (web page),Cost Plus: $14.70/90-tab,False
Rosuvastatin (Crestor) 90-tab,reimbursement_amount,40,usd_per_90tab_PBM_low_2024,"DrugPatentWatch blog, Mark Cuban Cost Plus Drugs is Killing Spread Pricing (2026)",2026,N/A (web page),PBM-adjudicated: $40-$90,False
Rosuvastatin (Crestor) 90-tab,reimbursement_amount,90,usd_per_90tab_PBM_high_2024,"DrugPatentWatch blog, Mark Cuban Cost Plus Drugs is Killing Spread Pricing (2026)",2026,N/A (web page),PBM-adjudicated: $40-$90,False
Insulin Glargine (Lantus SoloStar),acquisition_cost,303,usd_per_pen,"Senate Finance Committee, Grassley-Wyden Insulin Report (Jan 2021)",2021,6,"Lantus SoloStar, increased from $303 in 2014",False
Insulin Glargine (Lantus SoloStar),acquisition_cost,404,usd_per_pen,"Senate Finance Committee, Grassley-Wyden Insulin Report (Jan 2021)",2021,6,Lantus SoloStar...to $404 in 2019,False
Insulin Detemir (Levemir FlexTouch),acquisition_cost,303,usd_per_pen,"Senate Finance Committee, Grassley-Wyden Insulin Report (Jan 2021)",2021,6,"Levemir FlexTouch, increased from $303 in May 2014",False
Insulin Detemir (Levemir FlexTouch),acquisition_cost,462,usd_per_pen,"Senate Finance Committee, Grassley-Wyden Insulin Report (Jan 2021)",2021,6,Levemir FlexTouch...to approximately $462 in January 2019,False
Insulin Detemir (Levemir FlexTouch),markup_pct,52,percent,"Senate Finance Committee, Grassley-Wyden Insulin Report (Jan 2021)",2021,6,an increase of $159 -- or 52% -- in five years,False
Insulin Lispro (Humalog 50-50 Kwikpen),acquisition_cost,530,usd_per_pen,"Senate Finance Committee, Grassley-Wyden Insulin Report (Jan 2021)",2021,6,"Humalog 50-50 Kwikpen, had a WAC of $530 in 2017",False
Insulin Lispro (Humalog 50-50 Kwikpen),acquisition_cost,323,usd_per_pen,"Senate Finance Committee, Grassley-Wyden Insulin Report (Jan 2021)",2021,6,compared to $323 in 2013,False
Insulin Lispro (Humalog 50-50 Kwikpen),markup_pct,64,percent,"Senate Finance Committee, Grassley-Wyden Insulin Report (Jan 2021)",2021,6,an increase of $207 or 64% in four years,False
Insulin Glulisine (Apidra Solostar),acquisition_cost,302,usd_per_pen,"Senate Finance Committee, Grassley-Wyden Insulin Report (Jan 2021)",2021,6,"Apidra Solostar, also increased -- from $302 in 2014",False
Insulin Glulisine (Apidra Solostar),acquisition_cost,521,usd_per_pen,"Senate Finance Committee, Grassley-Wyden Insulin Report (Jan 2021)",2021,6,Apidra Solostar...to $521 in 2019,False
Insulin Aspart (Novolog FlexPen),acquisition_cost,324,usd_per_pen,"Senate Finance Committee, Grassley-Wyden Insulin Report (Jan 2021)",2021,6,"Novolog FlexPen, rose from $324 in 2013",False
Insulin Aspart (Novolog FlexPen),acquisition_cost,558,usd_per_pen,"Senate Finance Committee, Grassley-Wyden Insulin Report (Jan 2021)",2021,6,Novolog FlexPen...to $558 in 2018,False
Insulin Glargine (Lantus),reimbursement_amount,27400000000,usd_total_2010_2018,"Senate Finance Committee, Grassley-Wyden Insulin Report (Jan 2021)",2021,6,the majority of which was spent on Lantus ($27.4 billion),False
Insulin Aspart (Novolog),reimbursement_amount,16500000000,usd_total_2010_2018,"Senate Finance Committee, Grassley-Wyden Insulin Report (Jan 2021)",2021,6,Novolog ($16.5 billion),False
Insulin Lispro (Humalog),reimbursement_amount,12300000000,usd_total_2010_2018,"Senate Finance Committee, Grassley-Wyden Insulin Report (Jan 2021)",2021,6,Humalog ($12.3 billion),False
Insulin Detemir (Levemir),reimbursement_amount,11000000000,usd_total_2010_2018,"Senate Finance Committee, Grassley-Wyden Insulin Report (Jan 2021)",2021,6,and Levemir ($11 billion),False
Insulin Glargine (Lantus),acquisition_cost,34,usd,"Senate Finance Committee, Grassley-Wyden Insulin Report (Jan 2021)",2021,6,raising its price from $34 to $131 by the end of 2012,False
Insulin Glargine (Lantus),acquisition_cost,131,usd,"Senate Finance Committee, Grassley-Wyden Insulin Report (Jan 2021)",2021,6,raising its price from $34 to $131 by the end of 2012,False
Insulin Glargine (Lantus),acquisition_cost,248,usd,"Senate Finance Committee, Grassley-Wyden Insulin Report (Jan 2021)",2021,6,nearly doubling the drug's WAC to $248 by the end of 2014,False
Insulin Glargine (Lantus),markup_pct,3,percent,"Senate Finance Committee, Grassley-Wyden Insulin Report (Jan 2021)",2021,7,Sanofi increased Lantus's list price by 3%,False
Insulin Glargine U-300 (Toujeo),markup_pct,5.4,percent,"Senate Finance Committee, Grassley-Wyden Insulin Report (Jan 2021)",2021,7,and Toujeo's list price by 5.4%,False
"Insulin Glargine (Sanofi rebate, preferred formulary)",spread_pct,2,percent,"Senate Finance Committee, Grassley-Wyden Insulin Report (Jan 2021)",2021,7,Sanofi offered rebates between 2% and 4%...July 2013,False
"Insulin Glargine (Sanofi rebate, preferred formulary)",spread_pct,56,percent,"Senate Finance Committee, Grassley-Wyden Insulin Report (Jan 2021)",2021,7,Sanofi rebates were as high as 56%...in 2018,False
Insulin Detemir (Levemir rebate to Express Scripts),spread_pct,47,percent,"Senate Finance Committee, Grassley-Wyden Insulin Report (Jan 2021)",2021,7,Novo Nordisk offered Express Scripts up to a 47% rebate for Levemir,False
Insulin Detemir (Levemir rebate to Express Scripts),spread_pct,25,percent,"Senate Finance Committee, Grassley-Wyden Insulin Report (Jan 2021)",2021,7,for preferred formulary placement...compared to 25% in 2014,False
Insulin Lispro (Humalog KwikPen),reimbursement_amount,28,usd_net_price_per_pen,"Senate Finance Committee, Grassley-Wyden Insulin Report (Jan 2021)",2021,7,average net price for Humalog KwikPen had declined slightly from $28 per pen in 2015,False
Insulin Lispro (Humalog KwikPen),reimbursement_amount,24,usd_net_price_per_pen,"Senate Finance Committee, Grassley-Wyden Insulin Report (Jan 2021)",2021,7,to $24 per pen in 2018,False
Insulin Glargine (Lantus),reimbursement_amount,87.48,usd_net_price_per_pen,"Senate Finance Committee, Grassley-Wyden Insulin Report (Jan 2021)",2021,7,average Lantus net price of $87.48 in 2016,False
Insulin Glargine (Lantus),reimbursement_amount,46.92,usd_net_price_per_pen,"Senate Finance Committee, Grassley-Wyden Insulin Report (Jan 2021)",2021,8,double the drug's net price of $46.92 in 2005,False
"Insulin (Novolin vials, WellPoint rebate)",spread_pct,40.625,percent,"Senate Finance Committee, Grassley-Wyden Insulin Report (Jan 2021)",2021,8,a larger rebate (40.625%) for Novolin vials for preferred formulary placement,False
"Insulin (Novolin vials, NC State Employees rebate)",spread_pct,27.625,percent,"Senate Finance Committee, Grassley-Wyden Insulin Report (Jan 2021)",2021,8,North Carolina State Employees (27.625%),False
Insulin (Humulin/Humalog rebate to SIS),spread_pct,22,percent,"Senate Finance Committee, Grassley-Wyden Insulin Report (Jan 2021)",2021,8,commercial health plan in Puerto Rico called SIS (22%),False
Insulin (Humulin/Humalog rebate to Optum Part D),spread_pct,68,percent,"Senate Finance Committee, Grassley-Wyden Insulin Report (Jan 2021)",2021,8,Optum's Part D business (68%),False
